target id,label
1,0
2,1
3,0
4,1
5,1
6,1
7,0
8,1
9,0
10,0
11,1
12,0
13,0
14,0
15,1
16,1
17,0
18,0
19,1
20,0
21,0
22,1
23,0
24,1
25,0
26,1
27,0
28,0
29,1
30,1
31,0
32,0
33,1
34,1
35,0
36,1
37,0
38,1
39,1
40,0
41,1
42,0
43,1
44,1
45,1
46,1
47,1
48,0
49,0
50,1
51,0
52,0
53,0
54,1
55,1
56,0
57,1
58,1
59,1
60,1
61,0
62,1
63,1
64,0
65,1
66,1
67,0
68,1
69,0
70,0
71,0
72,1
73,1
74,0
75,0
76,1
77,1
78,0
79,0
80,0
81,1
82,0
83,0
84,0
85,1
86,0
87,1
88,0
89,0
90,1
91,1
92,1
93,1
94,0
95,1
96,0
97,0
98,0
99,1
100,0
101,0
102,0
103,0
104,1
105,1
106,0
107,1
108,0
109,1
110,0
111,1
112,0
113,1
114,0
115,1
116,0
117,1
118,0
119,0
120,0
121,0
122,0
123,1
124,0
125,0
126,0
127,1
128,0
129,0
130,0
131,1
132,0
133,0
134,0
135,0
136,1
137,0
138,0
139,0
140,0
141,0
142,0
143,0
144,1
145,0
146,0
147,0
148,1
149,0
150,0
151,0
152,1
153,1
154,0
155,0
156,0
157,0
158,1
159,0
160,0
161,0
162,0
163,0
164,1
165,1
166,0
167,0
168,1
169,0
170,0
171,0
172,1
173,0
174,0
175,1
176,0
177,0
178,1
179,1
180,1
181,0
182,1
183,0
184,0
185,0
186,0
187,1
188,1
189,0
190,0
191,0
192,0
193,1
194,1
195,1
196,1
197,0
198,0
199,1
200,0
201,0
202,0
203,1
204,1
205,0
206,1
207,1
208,0
209,1
210,0
211,0
212,1
213,1
214,1
215,0
216,0
217,1
218,0
219,1
220,1
221,0
222,1
223,0
224,1
225,1
226,1
227,1
228,0
229,1
230,1
231,1
232,0
233,1
234,0
235,0
236,0
237,0
238,1
239,1
240,1
241,0
242,0
243,1
244,1
245,1
246,1
247,0
248,1
249,0
250,0
251,1
252,0
253,1
254,0
255,0
256,1
257,0
258,1
259,1
260,1
261,0
262,1
263,1
264,1
265,0
266,0
267,0
268,1
269,1
270,0
271,0
272,0
273,1
274,0
275,0
276,0
277,0
278,1
279,1
280,0
281,1
282,0
283,1
284,1
285,0
286,1
287,1
288,1
289,0
290,1
291,0
292,0
293,0
294,1
295,0
296,0
297,1
298,0
299,0
300,1
301,1
302,0
303,1
304,0
305,1
306,0
307,0
308,0
309,1
310,1
311,0
312,1
313,0
314,1
315,0
316,0
317,1
318,0
319,0
320,0
321,1
322,0
323,1
324,0
325,0
326,0
327,0
328,0
329,1
330,0
331,1
332,1
333,1
334,1
335,1
336,0
337,0
338,0
339,0
340,1
341,1
342,0
343,0
344,0
345,1
346,1
347,1
348,1
349,1
350,1
351,1
352,1
353,0
354,0
355,1
356,0
357,1
358,1
359,0
360,0
361,1
362,1
363,1
364,0
365,0
366,0
367,0
368,1
369,0
370,1
371,1
372,1
373,1
374,1
375,1
376,1
377,1
378,0
379,0
380,1
381,1
382,1
383,1
384,0
385,0
386,0
387,0
388,0
389,0
390,1
391,1
392,0
393,1
394,0
395,0
396,0
397,1
398,0
399,1
400,1
401,0
402,1
403,1
404,0
405,1
406,0
407,0
408,0
409,1
410,0
411,1
412,1
413,1
414,1
415,0
416,1
417,1
418,0
419,1
420,0
421,0
422,1
423,0
424,0
425,1
426,1
427,0
428,1
429,1
430,1
431,1
432,0
433,1
434,1
435,0
436,1
437,0
438,0
439,0
440,0
441,0
442,0
443,0
444,0
445,0
446,1
447,1
448,0
449,0
450,1
451,0
452,0
453,0
454,1
455,1
456,0
457,0
458,0
459,1
460,0
461,0
462,1
463,1
464,0
465,1
466,1
467,0
468,1
469,1
470,0
471,1
472,0
473,1
474,1
475,1
476,1
477,1
478,1
479,0
480,0
481,1
482,1
483,0
484,0
485,0
486,0
487,1
488,1
489,0
490,1
491,0
492,0
493,0
494,0
495,0
496,0
497,1
498,0
499,0
500,0
501,1
502,1
503,1
504,1
505,0
506,0
507,1
508,0
509,0
510,0
511,1
512,0
513,1
514,1
515,0
516,0
517,0
518,0
519,0
520,1
521,1
522,1
523,1
524,0
525,0
526,0
527,1
528,0
529,0
530,1
531,1
532,0
533,1
534,1
535,1
536,0
537,1
538,0
539,0
540,1
541,0
542,1
543,1
544,1
545,1
546,1
547,1
548,1
549,0
550,1
551,1
552,0
553,1
554,1
555,1
556,1
557,1
558,0
559,0
560,1
561,1
562,1
563,1
564,0
565,0
566,1
567,1
568,0
569,0
570,0
571,1
572,0
573,0
574,1
575,0
576,0
577,0
578,0
579,0
580,0
581,1
582,0
583,0
584,1
585,0
586,0
587,1
588,1
589,0
590,1
591,1
592,0
593,0
594,1
595,1
596,1
597,0
598,1
599,1
600,0
601,1
602,1
603,0
604,1
605,0
606,0
607,1
608,1
609,1
610,0
611,1
612,0
613,0
614,0
615,0
616,1
617,1
618,0
619,0
620,0
621,0
622,1
623,0
624,1
625,0
626,0
627,0
628,0
629,1
630,0
631,0
632,0
633,1
634,0
635,1
636,0
637,1
638,0
639,0
640,1
641,0
642,1
643,1
644,1
645,1
646,0
647,1
648,1
649,1
650,0
651,1
652,0
653,0
654,0
655,1
656,0
657,0
658,0
659,0
660,1
661,1
662,0
663,0
664,1
665,0
666,1
667,0
668,0
669,0
670,1
671,0
672,0
673,0
674,1
675,1
676,1
677,0
678,0
679,1
680,1
681,0
682,1
683,1
684,0
685,0
686,1
687,0
688,1
689,1
690,1
691,0
692,0
693,0
694,1
695,1
696,0
697,0
698,1
699,1
700,1
701,0
702,0
703,1
704,0
705,0
706,1
707,1
708,1
709,0
710,1
711,1
712,0
713,0
714,0
715,0
716,1
717,1
718,1
719,0
720,0
721,0
722,1
723,0
724,1
725,0
726,1
727,1
728,1
729,1
730,1
731,1
732,1
733,0
734,0
735,1
736,0
737,1
738,1
739,0
740,0
741,0
742,0
743,1
744,1
745,0
746,1
747,0
748,1
749,0
750,1
751,1
752,1
753,0
754,0
755,0
756,1
757,0
758,0
759,1
760,0
761,0
762,1
763,0
764,0
765,1
766,0
767,1
768,0
769,0
770,0
771,0
772,0
773,1
774,1
775,0
776,1
777,0
778,1
779,0
780,0
781,1
782,1
783,0
784,1
785,0
786,1
787,1
788,0
789,1
790,1
791,1
792,1
793,0
794,0
795,1
796,0
797,1
798,1
799,1
800,1
801,1
802,0
803,0
804,1
805,1
806,0
807,0
808,0
809,0
810,1
811,0
812,1
813,1
814,1
815,1
816,0
817,0
818,1
819,0
820,1
821,0
822,0
823,0
824,1
825,1
826,0
827,1
828,0
829,1
830,0
831,0
832,1
833,1
834,1
835,1
836,0
837,0
838,1
839,1
840,0
841,1
842,1
843,1
844,0
845,0
846,0
847,1
848,1
849,0
850,1
851,1
852,0
853,0
854,0
855,1
856,1
857,1
858,0
859,1
860,0
861,1
862,1
863,1
864,1
865,0
866,0
867,0
868,0
869,0
870,0
871,1
872,1
873,1
874,0
875,0
876,1
877,1
878,0
879,0
880,1
881,0
882,1
883,0
884,0
885,0
886,0
887,0
888,0
889,0
890,1
891,0
892,1
893,0
894,1
895,0
896,0
897,0
898,0
899,0
900,1
901,0
902,1
903,0
904,1
905,1
906,1
907,1
908,0
909,1
910,1
911,0
912,1
913,0
914,1
915,1
916,1
917,0
918,0
919,0
920,1
921,1
922,1
923,0
924,0
925,1
926,1
927,0
928,0
929,1
930,0
931,1
932,0
933,1
934,1
935,1
936,1
937,0
938,0
939,0
940,1
941,0
942,0
943,0
944,0
945,0
946,1
947,0
948,1
949,0
950,0
951,0
952,1
953,1
954,0
955,1
956,1
957,0
958,1
959,1
960,0
961,0
962,1
963,1
964,0
965,0
966,0
967,0
968,0
969,0
970,0
971,1
972,1
973,0
974,1
975,1
976,0
977,0
978,0
979,1
980,1
981,1
982,1
983,1
984,0
985,1
986,1
987,1
988,0
989,1
990,0
991,0
992,0
993,1
994,1
995,0
996,1
997,0
998,0
999,0
1000,0
1001,1
1002,1
1003,0
1004,1
1005,1
1006,1
1007,0
1008,1
1009,1
1010,1
1011,1
1012,1
1013,0
1014,1
1015,0
1016,1
1017,0
1018,0
1019,1
1020,1
1021,0
1022,1
1023,0
1024,1
1025,1
1026,1
1027,1
1028,0
1029,0
1030,0
1031,0
1032,1
1033,1
1034,0
1035,0
1036,1
1037,1
1038,0
1039,1
1040,0
1041,0
1042,0
1043,1
1044,1
1045,1
1046,0
1047,0
1048,0
1049,0
1050,0
1051,1
1052,0
1053,0
1054,1
1055,0
1056,0
1057,1
1058,0
1059,0
1060,1
1061,1
1062,0
1063,0
1064,0
1065,0
1066,0
1067,1
1068,0
1069,0
1070,0
1071,0
1072,0
1073,0
1074,1
1075,1
1076,0
1077,1
1078,1
1079,1
1080,0
1081,0
1082,1
1083,1
1084,0
1085,1
1086,1
1087,1
1088,0
1089,0
1090,0
1091,0
1092,0
1093,1
1094,0
1095,0
1096,0
1097,1
1098,1
1099,1
1100,0
1101,1
1102,0
1103,0
1104,0
1105,1
1106,0
1107,1
1108,0
1109,1
1110,1
1111,0
1112,1
1113,1
1114,1
1115,1
1116,0
1117,0
1118,0
1119,1
1120,1
1121,0
1122,1
1123,1
1124,1
1125,1
1126,0
1127,1
1128,0
1129,1
1130,1
1131,1
1132,1
1133,0
1134,1
1135,0
1136,1
1137,0
1138,1
1139,1
1140,0
1141,1
1142,1
1143,1
1144,1
1145,1
1146,0
1147,1
1148,1
1149,1
1150,1
1151,0
1152,0
1153,1
1154,1
1155,0
1156,1
1157,0
1158,0
1159,1
1160,0
1161,0
1162,1
1163,0
1164,1
1165,0
1166,1
1167,0
1168,0
1169,1
1170,1
1171,1
1172,1
1173,1
1174,1
1175,0
1176,0
1177,0
1178,1
1179,0
1180,0
1181,0
1182,1
1183,1
1184,1
1185,1
1186,0
1187,1
1188,0
1189,1
1190,1
1191,1
1192,0
1193,1
1194,1
1195,1
1196,0
1197,0
1198,0
1199,0
1200,1
1201,1
1202,1
1203,0
1204,0
1205,0
1206,0
1207,1
1208,1
1209,0
1210,1
1211,1
1212,1
1213,1
1214,1
1215,0
1216,0
1217,0
1218,0
1219,0
1220,1
1221,0
1222,1
1223,1
1224,1
1225,0
1226,0
1227,0
1228,1
1229,1
1230,0
1231,1
1232,1
1233,0
1234,1
1235,0
1236,0
1237,1
1238,0
1239,1
1240,0
1241,1
1242,1
1243,0
1244,1
1245,0
1246,1
1247,0
1248,0
1249,1
1250,0
1251,1
1252,1
1253,1
1254,0
1255,1
1256,1
1257,0
1258,1
1259,0
1260,1
1261,1
1262,0
1263,1
1264,1
1265,1
1266,1
1267,0
1268,0
1269,0
1270,1
1271,0
1272,1
1273,0
1274,0
1275,0
1276,1
1277,0
1278,1
1279,1
1280,0
1281,1
1282,0
1283,1
1284,0
1285,1
1286,1
1287,1
1288,1
1289,0
1290,0
1291,0
1292,1
1293,1
1294,1
1295,0
1296,1
1297,1
1298,0
1299,1
1300,0
1301,0
1302,0
1303,0
1304,0
1305,0
1306,0
1307,1
1308,0
1309,0
1310,0
1311,0
1312,0
1313,0
1314,1
1315,0
1316,1
1317,1
1318,1
1319,0
1320,1
1321,0
1322,1
1323,1
1324,0
1325,0
1326,0
1327,1
1328,1
1329,0
1330,0
1331,1
1332,0
1333,0
1334,1
1335,1
1336,0
1337,0
1338,0
1339,1
1340,0
1341,0
1342,1
1343,0
1344,0
1345,1
1346,1
1347,0
1348,1
1349,1
1350,1
1351,0
1352,0
1353,1
1354,0
1355,0
1356,0
1357,0
1358,0
1359,0
1360,0
1361,1
1362,1
1363,0
1364,1
1365,0
1366,0
1367,1
1368,0
1369,0
1370,0
1371,0
1372,1
1373,1
1374,1
1375,0
1376,0
1377,0
1378,0
1379,1
1380,0
1381,1
1382,1
1383,0
1384,1
1385,1
1386,1
1387,1
1388,0
1389,1
1390,0
1391,1
1392,1
1393,0
1394,0
1395,0
1396,0
1397,0
1398,0
1399,0
1400,1
1401,0
1402,0
1403,0
1404,0
1405,0
1406,0
1407,1
1408,0
1409,1
1410,1
1411,1
1412,0
1413,0
1414,0
1415,0
1416,0
1417,0
1418,1
1419,1
1420,0
1421,1
1422,1
1423,0
1424,0
1425,0
1426,1
1427,1
1428,1
1429,0
1430,0
1431,0
1432,0
1433,0
1434,0
1435,1
1436,1
1437,1
1438,1
1439,1
1440,1
1441,1
1442,1
1443,1
1444,0
1445,0
1446,0
1447,1
1448,1
1449,0
1450,0
1451,1
1452,0
1453,0
1454,0
1455,0
1456,0
1457,0
1458,0
1459,1
1460,0
1461,1
1462,0
1463,1
1464,1
1465,1
1466,1
1467,0
1468,0
1469,0
1470,1
1471,1
1472,0
1473,1
1474,0
1475,0
1476,0
1477,1
1478,1
1479,0
1480,1
1481,1
1482,0
1483,0
1484,0
1485,0
1486,1
1487,0
1488,0
1489,0
1490,1
1491,1
1492,1
1493,1
1494,1
1495,1
1496,0
1497,1
1498,1
1499,0
1500,1
1501,0
1502,0
1503,1
1504,1
1505,1
1506,0
1507,0
1508,0
1509,0
1510,0
1511,1
1512,1
1513,0
1514,1
1515,1
1516,1
1517,1
1518,1
1519,0
1520,1
1521,0
1522,1
1523,1
1524,1
1525,1
1526,1
1527,0
1528,1
1529,0
1530,0
1531,1
1532,0
1533,0
1534,0
1535,1
1536,1
1537,0
1538,0
1539,0
1540,1
1541,1
1542,0
1543,1
1544,1
1545,1
1546,1
1547,1
1548,0
1549,0
1550,1
1551,0
1552,0
1553,0
1554,0
1555,0
1556,1
1557,0
1558,1
1559,1
1560,0
1561,0
1562,0
1563,0
1564,0
1565,1
1566,1
1567,0
1568,1
1569,0
1570,0
1571,1
1572,0
1573,1
1574,1
1575,1
1576,0
1577,0
1578,1
1579,0
1580,1
1581,0
1582,1
1583,0
1584,0
1585,1
1586,1
1587,1
1588,0
1589,0
1590,0
1591,0
1592,1
1593,1
1594,1
1595,1
1596,1
1597,0
1598,1
1599,1
1600,1
1601,0
1602,0
1603,0
1604,0
1605,1
1606,0
1607,0
1608,0
1609,0
1610,1
1611,0
1612,1
1613,0
1614,1
1615,0
1616,1
1617,0
1618,1
1619,1
1620,0
1621,1
1622,0
1623,0
1624,0
1625,0
1626,0
1627,1
1628,1
1629,0
1630,0
1631,0
1632,0
1633,1
1634,0
1635,0
1636,0
1637,0
1638,0
1639,0
1640,0
1641,1
1642,1
1643,0
1644,1
1645,0
1646,1
1647,0
1648,1
1649,0
1650,1
1651,0
1652,0
1653,1
1654,1
1655,1
1656,1
1657,0
1658,1
1659,1
1660,1
1661,1
1662,1
1663,1
1664,1
1665,1
1666,1
1667,1
1668,0
1669,0
1670,0
1671,0
1672,1
1673,0
1674,0
1675,1
1676,1
1677,0
1678,1
1679,0
1680,0
1681,0
1682,1
1683,0
1684,0
1685,1
1686,1
1687,1
1688,0
1689,0
1690,0
1691,1
1692,1
1693,1
1694,0
1695,1
1696,0
1697,0
1698,1
1699,0
1700,0
1701,1
1702,1
1703,0
1704,0
1705,0
1706,1
1707,1
1708,1
1709,0
1710,1
1711,0
1712,0
1713,0
1714,1
1715,1
1716,0
1717,0
1718,0
1719,1
1720,0
1721,1
1722,0
1723,1
1724,1
1725,0
1726,0
1727,1
1728,0
1729,0
1730,1
1731,1
1732,1
1733,0
1734,0
1735,0
1736,1
1737,0
1738,0
1739,1
1740,0
1741,0
1742,1
1743,1
1744,0
1745,0
1746,0
1747,0
1748,1
1749,0
1750,0
1751,1
1752,0
1753,0
1754,0
1755,1
1756,0
1757,0
1758,1
1759,1
1760,0
1761,1
1762,0
1763,0
1764,1
1765,0
1766,0
1767,0
1768,0
1769,1
1770,0
1771,0
1772,1
1773,1
1774,0
1775,1
1776,1
1777,0
1778,0
1779,0
1780,1
1781,0
1782,1
1783,0
1784,1
1785,0
1786,1
1787,1
1788,0
1789,1
1790,1
1791,1
1792,0
1793,1
1794,0
1795,0
1796,0
1797,1
1798,0
1799,1
1800,1
1801,1
1802,0
1803,0
1804,1
1805,0
1806,1
1807,1
1808,1
1809,0
1810,1
1811,0
1812,1
1813,0
1814,0
1815,1
1816,0
1817,0
1818,0
1819,0
1820,1
1821,1
1822,1
1823,0
1824,1
1825,1
1826,0
1827,1
1828,1
1829,0
1830,1
1831,1
1832,0
1833,1
1834,0
1835,1
1836,0
1837,0
1838,0
1839,0
1840,0
1841,0
1842,1
1843,0
1844,0
1845,1
1846,1
1847,0
1848,0
1849,1
1850,1
1851,0
1852,0
1853,1
1854,1
1855,0
1856,1
1857,0
1858,1
1859,0
1860,0
1861,1
1862,1
1863,0
1864,0
1865,0
1866,1
1867,0
1868,0
1869,0
1870,0
1871,1
1872,0
1873,0
1874,0
1875,0
1876,0
1877,1
1878,1
1879,0
1880,0
1881,0
1882,1
1883,1
1884,1
1885,1
1886,1
1887,0
1888,1
1889,0
1890,0
1891,0
1892,1
1893,1
1894,0
1895,0
1896,0
1897,0
1898,0
1899,0
1900,0
1901,1
1902,0
1903,0
1904,1
1905,0
1906,1
1907,1
1908,0
1909,0
1910,1
1911,0
1912,1
1913,0
1914,1
1915,1
1916,0
1917,0
1918,0
1919,1
1920,1
1921,0
1922,0
1923,0
1924,0
1925,0
1926,0
1927,0
1928,1
1929,1
1930,1
1931,0
1932,1
1933,1
1934,1
1935,1
1936,1
1937,0
1938,0
1939,0
1940,0
1941,1
1942,1
1943,1
1944,1
1945,1
1946,1
1947,1
1948,0
1949,0
1950,1
1951,1
1952,1
1953,1
1954,0
1955,0
1956,1
1957,0
1958,0
1959,1
1960,1
1961,0
1962,1
1963,1
1964,0
1965,0
1966,1
1967,1
1968,0
1969,0
1970,1
1971,0
1972,0
1973,0
1974,0
1975,1
1976,0
1977,1
1978,1
1979,0
1980,1
1981,0
1982,0
1983,0
1984,0
1985,0
1986,0
1987,1
1988,1
1989,1
1990,0
1991,0
1992,1
1993,0
1994,0
1995,1
1996,0
1997,0
1998,1
1999,0
2000,1
2001,0
2002,1
2003,0
2004,0
2005,0
2006,0
2007,1
2008,0
2009,0
2010,0
2011,1
2012,0
2013,1
2014,1
2015,1
2016,0
2017,0
2018,1
2019,0
2020,0
2021,1
2022,1
2023,0
2024,0
2025,0
2026,0
2027,0
2028,0
2029,1
2030,0
2031,1
2032,1
2033,0
2034,1
2035,1
2036,0
2037,0
2038,1
2039,0
2040,1
2041,1
2042,1
2043,0
2044,0
2045,0
2046,1
2047,0
2048,0
2049,1
2050,1
2051,0
2052,1
2053,1
2054,0
2055,0
2056,1
2057,0
2058,1
2059,0
2060,0
2061,1
2062,0
2063,0
2064,1
2065,1
2066,1
2067,1
2068,1
2069,1
2070,1
2071,0
2072,0
2073,1
2074,1
2075,1
2076,1
2077,0
2078,1
2079,1
2080,1
2081,0
2082,1
2083,1
2084,1
2085,1
2086,1
2087,0
2088,0
2089,1
2090,1
2091,0
2092,1
2093,1
2094,0
2095,1
2096,0
2097,0
2098,1
2099,0
2100,0
2101,1
2102,0
2103,1
2104,1
2105,0
2106,1
2107,1
2108,0
2109,1
2110,1
2111,0
2112,0
2113,1
2114,0
2115,1
2116,0
2117,1
2118,0
2119,1
2120,0
2121,0
2122,0
2123,1
2124,0
2125,0
2126,1
2127,0
2128,0
2129,1
2130,0
2131,0
2132,1
2133,0
2134,1
2135,1
2136,0
2137,1
2138,0
2139,1
2140,1
2141,0
2142,1
2143,0
2144,0
2145,0
2146,1
2147,0
2148,0
2149,1
2150,1
2151,1
2152,0
2153,0
2154,1
2155,1
2156,1
2157,1
2158,1
2159,1
2160,1
2161,1
2162,1
2163,0
2164,0
2165,1
2166,1
2167,0
2168,0
2169,1
2170,1
2171,0
2172,0
2173,0
2174,0
2175,0
2176,1
2177,0
2178,0
2179,0
2180,0
2181,0
2182,0
2183,0
2184,0
2185,0
2186,1
2187,0
2188,0
2189,0
2190,0
2191,1
2192,1
2193,1
2194,1
2195,0
2196,1
2197,0
2198,0
2199,0
2200,1
2201,1
2202,1
2203,0
2204,0
2205,0
2206,1
2207,1
2208,0
2209,1
2210,0
2211,1
2212,1
2213,0
2214,0
2215,1
2216,1
2217,1
2218,1
2219,1
2220,0
2221,1
2222,1
2223,1
2224,1
2225,0
2226,0
2227,1
2228,1
2229,0
2230,0
2231,0
2232,1
2233,0
2234,0
2235,1
2236,0
2237,1
2238,1
2239,0
2240,0
2241,0
2242,1
2243,1
2244,1
2245,0
2246,1
2247,1
2248,0
2249,0
2250,1
2251,1
2252,0
2253,0
2254,1
2255,1
2256,1
2257,0
2258,0
2259,0
2260,0
2261,1
2262,1
2263,0
2264,0
2265,1
2266,0
2267,0
2268,1
2269,0
2270,1
2271,0
2272,0
2273,0
2274,1
2275,0
2276,1
2277,1
2278,0
2279,1
2280,0
2281,0
2282,0
2283,1
2284,0
2285,1
2286,1
2287,0
2288,1
2289,0
2290,1
2291,0
2292,0
2293,0
2294,1
2295,1
2296,1
2297,1
2298,1
2299,0
2300,0
2301,0
2302,1
2303,1
2304,0
2305,1
2306,0
2307,0
2308,0
2309,1
2310,0
2311,1
2312,1
2313,1
2314,1
2315,0
2316,1
2317,1
2318,0
2319,1
2320,1
2321,0
2322,1
2323,1
2324,0
2325,1
2326,0
2327,0
2328,1
2329,0
2330,1
2331,1
2332,1
2333,0
2334,0
2335,0
2336,1
2337,0
2338,0
2339,1
2340,1
2341,0
2342,0
2343,0
2344,1
2345,1
2346,1
2347,0
2348,1
2349,1
2350,1
2351,0
2352,1
2353,1
2354,0
2355,1
2356,1
2357,1
2358,1
2359,0
2360,1
2361,0
2362,0
2363,0
2364,0
2365,0
2366,1
2367,1
2368,1
2369,0
2370,1
2371,0
2372,0
2373,1
2374,0
2375,0
2376,0
2377,1
2378,0
2379,1
2380,0
2381,0
2382,0
2383,1
2384,1
2385,0
2386,0
2387,0
2388,1
2389,1
2390,1
2391,0
2392,0
2393,1
2394,1
2395,1
2396,1
2397,1
2398,1
2399,1
2400,1
2401,1
2402,1
2403,0
2404,1
2405,0
2406,0
2407,0
2408,0
2409,0
2410,0
2411,0
2412,1
2413,0
2414,0
2415,1
2416,0
2417,1
2418,1
2419,0
2420,0
2421,0
2422,0
2423,0
2424,0
2425,0
2426,1
2427,0
2428,1
2429,1
2430,0
2431,1
2432,1
2433,0
2434,0
2435,0
2436,0
2437,1
2438,0
2439,0
2440,0
2441,0
2442,0
2443,1
2444,1
2445,1
2446,0
2447,0
2448,0
2449,1
2450,1
2451,0
2452,1
2453,1
2454,0
2455,1
2456,0
2457,0
2458,1
2459,0
2460,1
2461,0
2462,0
2463,0
2464,1
2465,1
2466,1
2467,1
2468,0
2469,1
2470,0
2471,1
2472,1
2473,0
2474,0
2475,0
2476,0
2477,0
2478,0
2479,1
2480,0
2481,0
2482,0
2483,1
2484,0
2485,0
2486,1
2487,0
2488,0
2489,1
2490,0
2491,0
2492,1
2493,0
2494,0
2495,1
2496,0
2497,0
2498,1
2499,1
2500,1
2501,1
2502,0
2503,0
2504,1
2505,1
2506,0
2507,0
2508,1
2509,0
2510,1
2511,0
2512,0
2513,0
2514,1
2515,0
2516,0
2517,0
2518,1
2519,1
2520,1
2521,0
2522,1
2523,0
2524,0
2525,0
2526,0
2527,1
2528,0
2529,1
2530,0
2531,0
2532,1
2533,1
2534,0
2535,1
2536,1
2537,1
2538,0
2539,0
2540,1
2541,0
2542,1
2543,0
2544,1
2545,1
2546,1
2547,0
2548,1
2549,1
2550,1
2551,1
2552,1
2553,0
2554,1
2555,1
2556,1
2557,0
2558,0
2559,0
2560,0
2561,0
2562,0
2563,1
2564,0
2565,0
2566,0
2567,1
2568,1
2569,1
2570,0
2571,1
2572,0
2573,0
2574,1
2575,1
2576,0
2577,0
2578,1
2579,1
2580,1
2581,0
2582,1
2583,0
2584,1
2585,0
2586,0
2587,0
2588,0
2589,1
2590,1
2591,1
2592,0
2593,0
2594,1
2595,1
2596,0
2597,0
2598,0
2599,0
2600,1
2601,1
2602,0
2603,1
2604,0
2605,0
2606,1
2607,1
2608,0
2609,0
2610,0
2611,1
2612,0
2613,1
2614,0
2615,0
2616,0
2617,0
2618,0
2619,0
2620,0
2621,0
2622,0
2623,1
2624,0
2625,0
2626,1
2627,0
2628,0
2629,1
2630,1
2631,1
2632,0
2633,1
2634,0
2635,0
2636,0
2637,1
2638,1
2639,1
2640,0
2641,0
2642,0
2643,1
2644,0
2645,0
2646,0
2647,1
2648,0
2649,0
2650,1
2651,1
2652,0
2653,0
2654,0
2655,0
2656,0
2657,1
2658,1
2659,1
2660,1
2661,1
2662,1
2663,0
2664,1
2665,0
2666,1
2667,0
2668,0
2669,0
2670,1
2671,1
2672,1
2673,0
2674,0
2675,1
2676,1
2677,1
2678,1
2679,1
2680,0
2681,1
2682,1
2683,0
2684,0
2685,0
2686,0
2687,0
2688,1
2689,1
2690,0
2691,0
2692,1
2693,0
2694,1
2695,1
2696,1
2697,1
2698,1
2699,0
2700,1
2701,1
2702,1
2703,1
2704,0
2705,0
2706,1
2707,1
2708,0
2709,0
2710,0
2711,1
2712,0
2713,0
2714,1
2715,1
2716,1
2717,0
2718,0
2719,1
2720,1
2721,0
2722,0
2723,1
2724,0
2725,1
2726,1
2727,0
2728,1
2729,1
2730,0
2731,0
2732,0
2733,0
2734,1
2735,1
2736,1
2737,0
2738,1
2739,0
2740,1
2741,0
2742,0
2743,1
2744,1
2745,0
2746,0
2747,1
2748,1
2749,0
2750,1
2751,0
2752,1
2753,1
2754,0
2755,0
2756,0
2757,1
2758,1
2759,0
2760,0
2761,0
2762,1
2763,1
2764,0
2765,1
2766,1
2767,1
2768,0
2769,0
2770,1
2771,0
2772,0
2773,1
2774,0
2775,0
2776,1
2777,1
2778,0
2779,0
2780,1
2781,1
2782,0
2783,0
2784,0
2785,1
2786,0
2787,1
2788,0
2789,1
2790,0
2791,1
2792,0
2793,0
2794,0
2795,1
2796,1
2797,0
2798,1
2799,1
2800,0
2801,1
2802,1
2803,0
2804,0
2805,1
2806,0
2807,0
2808,0
2809,1
2810,1
2811,1
2812,0
2813,0
2814,0
2815,1
2816,1
2817,0
2818,0
2819,1
2820,1
2821,0
2822,0
2823,0
2824,0
2825,0
2826,0
2827,0
2828,0
2829,0
2830,1
2831,0
2832,0
2833,0
2834,0
2835,1
2836,0
2837,0
2838,1
2839,1
2840,1
2841,1
2842,1
2843,1
2844,0
2845,0
2846,0
2847,0
2848,0
2849,1
2850,0
2851,1
2852,0
2853,0
2854,0
2855,1
2856,1
2857,0
2858,1
2859,1
2860,0
2861,1
2862,0
2863,0
2864,0
2865,1
2866,1
2867,0
2868,0
2869,0
2870,1
2871,1
2872,1
2873,0
2874,0
2875,0
2876,1
2877,0
2878,0
2879,1
2880,0
2881,0
2882,1
2883,1
2884,1
2885,1
2886,1
2887,1
2888,0
2889,0
2890,1
2891,0
2892,0
2893,1
2894,0
2895,0
2896,0
2897,0
2898,1
2899,0
2900,0
2901,0
2902,0
2903,0
2904,0
2905,0
2906,0
2907,0
2908,0
2909,1
2910,1
2911,0
2912,1
2913,1
2914,1
2915,1
2916,1
2917,1
2918,0
2919,1
2920,1
2921,0
2922,1
2923,0
2924,1
2925,1
2926,0
2927,1
2928,1
2929,0
2930,1
2931,0
2932,1
2933,1
2934,0
2935,1
2936,0
2937,1
2938,0
2939,0
2940,1
2941,0
2942,0
2943,0
2944,1
2945,1
2946,0
2947,0
2948,1
2949,1
2950,0
2951,0
2952,1
2953,0
2954,1
2955,0
2956,0
2957,0
2958,1
2959,0
2960,0
2961,1
2962,1
2963,0
2964,1
2965,1
2966,1
2967,0
2968,1
2969,0
2970,1
2971,0
2972,0
2973,0
2974,1
2975,1
2976,0
2977,0
2978,0
2979,0
2980,0
2981,0
2982,0
2983,0
2984,0
2985,1
2986,0
2987,0
2988,0
2989,1
2990,0
2991,0
2992,1
2993,1
2994,1
2995,1
2996,1
2997,1
2998,0
2999,0
3000,1
3001,0
3002,0
3003,0
3004,0
3005,0
3006,0
3007,1
3008,1
3009,0
3010,1
3011,1
3012,0
3013,0
3014,0
3015,0
3016,1
3017,0
3018,1
3019,0
3020,0
3021,1
3022,1
3023,1
3024,0
3025,0
3026,1
3027,0
3028,0
3029,1
3030,0
3031,0
3032,0
3033,0
3034,1
3035,0
3036,1
3037,1
3038,0
3039,1
3040,1
3041,1
3042,0
3043,1
3044,1
3045,0
3046,1
3047,1
3048,0
3049,0
3050,1
3051,1
3052,0
3053,1
3054,0
3055,1
3056,1
3057,1
3058,0
3059,0
3060,1
3061,0
3062,0
3063,0
3064,0
3065,0
3066,0
3067,0
3068,0
3069,0
3070,0
3071,1
3072,0
3073,1
3074,1
3075,0
3076,1
3077,1
3078,1
3079,1
3080,1
3081,0
3082,1
3083,0
3084,0
3085,0
3086,1
3087,1
3088,0
3089,1
3090,0
3091,0
3092,0
3093,0
3094,0
3095,1
3096,0
3097,0
3098,1
3099,0
3100,1
3101,0
3102,0
3103,0
3104,1
3105,1
3106,1
3107,0
3108,0
3109,1
3110,0
3111,0
3112,0
3113,1
3114,0
3115,1
3116,1
3117,0
3118,0
3119,1
3120,1
3121,1
3122,0
3123,1
3124,0
3125,0
3126,0
3127,1
3128,0
3129,0
3130,0
3131,1
3132,0
3133,0
3134,0
3135,0
3136,0
3137,0
3138,1
3139,1
3140,1
3141,1
3142,1
3143,0
3144,0
3145,1
3146,1
3147,1
3148,1
3149,0
3150,0
3151,0
3152,0
3153,0
3154,0
3155,1
3156,1
3157,1
3158,1
3159,1
3160,1
3161,0
3162,1
3163,1
3164,1
3165,1
3166,0
3167,1
3168,0
3169,1
3170,1
3171,0
3172,1
3173,1
3174,0
3175,1
3176,1
3177,1
3178,0
3179,1
3180,1
3181,1
3182,1
3183,1
3184,0
3185,1
3186,0
3187,1
3188,0
3189,0
3190,1
3191,0
3192,0
3193,0
3194,0
3195,0
3196,1
3197,0
3198,1
3199,0
3200,0
3201,0
3202,0
3203,1
3204,1
3205,1
3206,0
3207,1
3208,1
3209,0
3210,0
3211,0
3212,1
3213,0
3214,0
3215,1
3216,1
3217,0
3218,1
3219,1
3220,1
3221,0
3222,1
3223,0
3224,0
3225,0
3226,0
3227,1
3228,1
3229,1
3230,1
3231,0
3232,1
3233,0
3234,1
3235,0
3236,1
3237,1
3238,0
3239,1
3240,0
3241,0
3242,1
3243,1
3244,1
3245,0
3246,0
3247,1
3248,0
3249,0
3250,0
3251,0
3252,0
3253,0
3254,1
3255,0
3256,1
3257,1
3258,0
3259,1
3260,1
3261,1
3262,1
3263,1
3264,0
3265,0
3266,0
3267,1
3268,0
3269,0
3270,0
3271,0
3272,0
3273,0
3274,1
3275,0
3276,0
3277,1
3278,1
3279,0
3280,1
3281,1
3282,0
3283,0
3284,1
3285,1
3286,0
3287,0
3288,1
3289,1
3290,0
3291,1
3292,0
3293,0
3294,1
3295,1
3296,0
3297,0
3298,0
3299,1
3300,1
3301,1
3302,0
3303,0
3304,1
3305,1
3306,1
3307,1
3308,0
3309,0
3310,0
3311,0
3312,1
3313,0
3314,0
3315,0
3316,1
3317,1
3318,1
3319,1
3320,1
3321,0
3322,1
3323,1
3324,0
3325,0
3326,0
3327,0
3328,0
3329,1
3330,0
3331,1
3332,1
3333,0
3334,0
3335,1
3336,1
3337,1
3338,0
3339,1
3340,1
3341,1
3342,1
3343,1
3344,1
3345,1
3346,1
3347,0
3348,0
3349,1
3350,1
3351,1
3352,1
3353,0
3354,1
3355,1
3356,1
3357,1
3358,1
3359,1
3360,0
3361,1
3362,1
3363,1
3364,0
3365,1
3366,1
3367,1
3368,0
3369,0
3370,0
3371,0
3372,1
3373,1
3374,1
3375,0
3376,0
3377,1
3378,1
3379,0
3380,1
3381,1
3382,1
3383,0
3384,0
3385,1
3386,0
3387,0
3388,0
3389,1
3390,1
3391,1
3392,0
3393,0
3394,0
3395,1
3396,0
3397,0
3398,1
3399,1
3400,0
3401,0
3402,0
3403,1
3404,1
3405,1
3406,1
3407,1
3408,1
3409,0
3410,1
3411,0
3412,0
3413,1
3414,1
3415,0
3416,0
3417,1
3418,1
3419,0
3420,1
3421,0
3422,0
3423,1
3424,1
3425,0
3426,0
3427,1
3428,0
3429,0
3430,0
3431,0
3432,0
3433,1
3434,0
3435,0
3436,1
3437,0
3438,0
3439,0
3440,0
3441,0
3442,1
3443,1
3444,0
3445,0
3446,1
3447,0
3448,0
3449,1
3450,1
3451,0
3452,1
3453,0
3454,1
3455,0
3456,1
3457,0
3458,0
3459,0
3460,0
3461,0
3462,0
3463,1
3464,1
3465,0
3466,0
3467,1
3468,1
3469,1
3470,0
3471,0
3472,1
3473,0
3474,0
3475,1
3476,1
3477,0
3478,0
3479,0
3480,1
3481,1
3482,1
3483,0
3484,0
3485,0
3486,1
3487,1
3488,0
3489,0
3490,1
3491,0
3492,0
3493,1
3494,1
3495,1
3496,1
3497,0
3498,1
3499,1
3500,0
3501,0
3502,0
3503,1
3504,0
3505,0
3506,0
3507,1
3508,0
3509,0
3510,0
3511,0
3512,0
3513,1
3514,1
3515,0
3516,1
3517,1
3518,1
3519,1
3520,0
3521,0
3522,0
3523,1
3524,1
3525,1
3526,1
3527,0
3528,1
3529,1
3530,0
3531,1
3532,0
3533,0
3534,1
3535,0
3536,0
3537,0
3538,0
3539,1
3540,0
3541,1
3542,1
3543,1
3544,1
3545,1
3546,0
3547,1
3548,1
3549,0
3550,0
3551,0
3552,1
3553,1
3554,0
3555,1
3556,1
3557,0
3558,0
3559,1
3560,0
3561,1
3562,1
3563,1
3564,0
3565,1
3566,0
3567,1
3568,0
3569,1
3570,0
3571,1
3572,1
3573,1
3574,1
3575,0
3576,0
3577,0
3578,1
3579,0
3580,1
3581,0
3582,0
3583,0
3584,1
3585,0
3586,0
3587,1
3588,0
3589,1
3590,1
3591,0
3592,1
3593,1
3594,0
3595,1
3596,0
3597,1
3598,0
3599,0
3600,1
3601,1
3602,1
3603,1
3604,1
3605,0
3606,1
3607,1
3608,1
3609,0
3610,1
3611,1
3612,1
3613,0
3614,0
3615,0
3616,0
3617,0
3618,1
3619,1
3620,1
3621,0
3622,0
3623,1
3624,1
3625,0
3626,1
3627,1
3628,0
3629,0
3630,1
3631,0
3632,0
3633,0
3634,0
3635,1
3636,1
3637,1
3638,1
3639,0
3640,0
3641,1
3642,0
3643,0
3644,0
3645,0
3646,0
3647,1
3648,0
3649,0
3650,0
3651,0
3652,0
3653,1
3654,1
3655,0
3656,0
3657,1
3658,0
3659,1
3660,0
3661,1
3662,1
3663,0
3664,1
3665,1
3666,1
3667,1
3668,0
3669,1
3670,1
3671,0
3672,1
3673,1
3674,0
3675,0
3676,1
3677,1
3678,1
3679,1
3680,0
3681,1
3682,0
3683,1
3684,0
3685,0
3686,0
3687,1
3688,1
3689,1
3690,0
3691,0
3692,0
3693,1
3694,0
3695,0
3696,0
3697,1
3698,1
3699,1
3700,0
3701,0
3702,0
3703,0
3704,1
3705,0
3706,0
3707,0
3708,0
3709,0
3710,0
3711,1
3712,1
3713,0
3714,0
3715,0
3716,1
3717,1
3718,0
3719,0
3720,1
3721,0
3722,1
3723,1
3724,1
3725,1
3726,1
3727,1
3728,1
3729,0
3730,1
3731,0
3732,1
3733,0
3734,1
3735,1
3736,0
3737,1
3738,1
3739,0
3740,0
3741,0
3742,0
3743,0
3744,1
3745,0
3746,0
3747,1
3748,1
3749,0
3750,0
3751,0
3752,0
3753,1
3754,0
3755,0
3756,1
3757,1
3758,0
3759,1
3760,0
3761,0
3762,0
3763,0
3764,0
3765,0
3766,1
3767,1
3768,1
3769,1
3770,0
3771,0
3772,0
3773,1
3774,0
3775,1
3776,1
3777,0
3778,1
3779,0
3780,0
3781,0
3782,0
3783,1
3784,0
3785,1
3786,0
3787,1
3788,1
3789,0
3790,0
3791,0
3792,1
3793,1
3794,0
3795,1
3796,1
3797,1
3798,0
3799,0
3800,1
3801,1
3802,0
3803,1
3804,0
3805,0
3806,0
3807,0
3808,1
3809,1
3810,0
3811,0
3812,0
3813,0
3814,1
3815,1
3816,1
3817,1
3818,0
3819,1
3820,0
3821,1
3822,0
3823,1
3824,0
3825,0
3826,1
3827,0
3828,0
3829,0
3830,1
3831,0
3832,1
3833,0
3834,1
3835,0
3836,1
3837,0
3838,1
3839,1
3840,0
3841,0
3842,1
3843,0
3844,1
3845,0
3846,1
3847,0
3848,1
3849,1
3850,0
3851,0
3852,0
3853,1
3854,1
3855,0
3856,1
3857,0
3858,1
3859,1
3860,1
3861,0
3862,1
3863,1
3864,0
3865,1
3866,1
3867,1
3868,0
3869,0
3870,1
3871,0
3872,1
3873,0
3874,1
3875,1
3876,1
3877,1
3878,0
3879,0
3880,0
3881,0
3882,0
3883,0
3884,1
3885,0
3886,0
3887,1
3888,1
3889,1
3890,1
3891,0
3892,0
3893,0
3894,1
3895,1
3896,0
3897,1
3898,0
3899,0
3900,1
3901,1
3902,1
3903,0
3904,1
3905,0
3906,1
3907,0
3908,0
3909,1
3910,0
3911,1
3912,1
3913,1
3914,1
3915,1
3916,0
3917,1
3918,0
3919,1
3920,0
3921,0
3922,1
3923,1
3924,0
3925,1
3926,1
3927,0
3928,1
3929,1
3930,1
3931,0
3932,1
3933,1
3934,0
3935,0
3936,0
3937,0
3938,0
3939,1
3940,0
3941,1
3942,1
3943,1
3944,0
3945,1
3946,0
3947,0
3948,1
3949,1
3950,0
3951,0
3952,1
3953,0
3954,0
3955,0
3956,1
3957,1
3958,1
3959,0
3960,1
3961,0
3962,0
3963,1
3964,0
3965,1
3966,0
3967,1
3968,1
3969,1
3970,0
3971,0
3972,0
3973,1
3974,1
3975,1
3976,0
3977,0
3978,0
3979,0
3980,1
3981,1
3982,1
3983,1
3984,0
3985,0
3986,1
3987,1
3988,0
3989,1
3990,1
3991,1
3992,1
3993,1
3994,1
3995,1
3996,1
3997,1
3998,0
3999,1
4000,0
4001,1
4002,0
4003,0
4004,1
4005,1
4006,0
4007,1
4008,1
4009,0
4010,1
4011,1
4012,1
4013,1
4014,1
4015,1
4016,0
4017,0
4018,1
4019,1
4020,1
4021,1
4022,0
4023,0
4024,0
4025,1
4026,0
4027,0
4028,0
4029,0
4030,0
4031,0
4032,0
4033,0
4034,1
4035,0
4036,0
4037,1
4038,1
4039,1
4040,1
4041,1
4042,1
4043,1
4044,0
4045,0
4046,1
4047,0
4048,1
4049,1
4050,1
4051,0
4052,1
4053,0
4054,0
4055,0
4056,1
4057,1
4058,0
4059,0
4060,1
4061,1
4062,0
4063,0
4064,0
4065,0
4066,0
4067,0
4068,0
4069,1
4070,0
4071,0
4072,0
4073,0
4074,1
4075,1
4076,1
4077,1
4078,0
4079,0
4080,0
4081,0
4082,0
4083,0
4084,1
4085,0
4086,1
4087,0
4088,0
4089,1
4090,1
4091,0
4092,0
4093,0
4094,0
4095,0
4096,0
4097,1
4098,1
4099,0
4100,1
4101,0
4102,1
4103,1
4104,1
4105,1
4106,1
4107,0
4108,1
4109,0
4110,0
4111,1
4112,1
4113,0
4114,0
4115,1
4116,0
4117,0
4118,0
4119,1
4120,1
4121,1
4122,1
4123,0
4124,1
4125,0
4126,1
4127,0
4128,0
4129,1
4130,1
4131,1
4132,1
4133,0
4134,0
4135,1
4136,1
4137,0
4138,0
4139,0
4140,0
4141,1
4142,0
4143,0
4144,0
4145,0
4146,0
4147,1
4148,0
4149,1
4150,1
4151,1
4152,1
4153,0
4154,0
4155,1
4156,1
4157,1
4158,0
4159,0
4160,1
4161,0
4162,1
4163,0
4164,0
4165,1
4166,1
4167,1
4168,1
4169,1
4170,0
4171,0
4172,1
4173,1
4174,1
4175,1
4176,0
4177,0
4178,1
4179,0
4180,1
4181,1
4182,1
4183,1
4184,0
4185,0
4186,1
4187,0
4188,0
4189,0
4190,1
4191,0
4192,0
4193,1
4194,0
4195,1
4196,0
4197,0
4198,1
4199,0
4200,1
4201,0
4202,1
4203,0
4204,0
4205,1
4206,1
4207,1
4208,1
4209,1
4210,0
4211,0
4212,0
4213,1
4214,0
4215,0
4216,0
4217,1
4218,1
4219,0
4220,0
4221,0
4222,1
4223,0
4224,1
4225,0
4226,1
4227,0
4228,1
4229,1
4230,1
4231,1
4232,1
4233,0
4234,1
4235,0
4236,1
4237,0
4238,0
4239,1
4240,0
4241,0
4242,0
4243,1
4244,1
4245,0
4246,1
4247,1
4248,1
4249,0
4250,0
4251,1
4252,0
4253,0
4254,1
4255,1
4256,1
4257,0
4258,1
4259,1
4260,0
4261,0
4262,0
4263,1
4264,1
4265,1
4266,1
4267,0
4268,1
4269,0
4270,1
4271,0
4272,0
4273,1
4274,0
4275,1
4276,0
4277,0
4278,0
4279,1
4280,0
4281,0
4282,1
4283,0
4284,1
4285,0
4286,0
4287,0
4288,1
4289,0
4290,0
4291,0
4292,1
4293,1
4294,1
4295,0
4296,1
4297,0
4298,1
4299,0
4300,1
4301,0
4302,1
4303,1
4304,0
4305,1
4306,1
4307,0
4308,0
4309,1
4310,0
4311,0
4312,0
4313,1
4314,1
4315,0
4316,1
4317,1
4318,0
4319,0
4320,0
4321,1
4322,1
4323,1
4324,1
4325,1
4326,1
4327,0
4328,0
4329,0
4330,1
4331,0
4332,0
4333,0
4334,0
4335,0
4336,0
4337,0
4338,1
4339,0
4340,1
4341,0
4342,1
4343,0
4344,0
4345,1
4346,0
4347,1
4348,1
4349,1
4350,1
4351,0
4352,0
4353,0
4354,1
4355,1
4356,0
4357,1
4358,0
4359,1
4360,1
4361,1
4362,1
4363,0
4364,1
4365,1
4366,1
4367,0
4368,1
4369,0
4370,0
4371,1
4372,0
4373,1
4374,1
4375,1
4376,1
4377,0
4378,0
4379,0
4380,1
4381,1
4382,0
4383,0
4384,0
4385,1
4386,0
4387,0
4388,0
4389,1
4390,0
4391,1
4392,1
4393,1
4394,1
4395,0
4396,1
4397,0
4398,1
4399,1
4400,0
4401,0
4402,0
4403,0
4404,1
4405,0
4406,0
4407,0
4408,0
4409,1
4410,1
4411,1
4412,0
4413,0
4414,1
4415,0
4416,1
4417,1
4418,1
4419,0
4420,0
4421,0
4422,1
4423,0
4424,1
4425,1
4426,1
4427,1
4428,1
4429,1
4430,0
4431,1
4432,0
4433,0
4434,0
4435,1
4436,0
4437,1
4438,0
4439,1
4440,0
4441,1
4442,0
4443,0
4444,0
4445,0
4446,0
4447,0
4448,0
4449,0
4450,0
4451,0
4452,0
4453,1
4454,0
4455,1
4456,0
4457,1
4458,1
4459,0
4460,0
4461,0
4462,1
4463,0
4464,0
4465,1
4466,0
4467,1
4468,0
4469,1
4470,1
4471,1
4472,0
4473,0
4474,1
4475,1
4476,1
4477,0
4478,1
4479,0
4480,1
4481,0
4482,0
4483,1
4484,1
4485,1
4486,1
4487,1
4488,0
4489,0
4490,1
4491,1
4492,1
4493,0
4494,1
4495,1
4496,1
4497,0
4498,0
4499,1
4500,1
4501,1
4502,1
4503,1
4504,1
4505,1
4506,0
4507,0
4508,0
4509,1
4510,1
4511,0
4512,1
4513,1
4514,1
4515,0
4516,0
4517,1
4518,0
4519,0
4520,1
4521,1
4522,1
4523,0
4524,0
4525,1
4526,1
4527,0
4528,1
4529,1
4530,0
4531,1
4532,1
4533,0
4534,1
4535,1
4536,0
4537,1
4538,0
4539,0
4540,1
4541,1
4542,1
4543,1
4544,0
4545,0
4546,1
4547,0
4548,1
4549,1
4550,1
4551,0
4552,0
4553,0
4554,1
4555,0
4556,1
4557,1
4558,0
4559,0
4560,0
4561,1
4562,0
4563,0
4564,0
4565,1
4566,0
4567,0
4568,0
4569,0
4570,1
4571,1
4572,0
4573,0
4574,1
4575,0
4576,1
4577,0
4578,1
4579,0
4580,0
4581,1
4582,1
4583,1
4584,0
4585,0
4586,1
4587,1
4588,1
4589,0
4590,1
4591,1
4592,1
4593,1
4594,0
4595,0
4596,1
4597,1
4598,0
4599,0
4600,0
4601,1
4602,0
4603,0
4604,1
4605,0
4606,1
4607,0
4608,0
4609,0
4610,0
4611,1
4612,1
4613,1
4614,1
4615,1
4616,0
4617,0
4618,0
4619,1
4620,0
4621,1
4622,1
4623,1
4624,0
4625,1
4626,0
4627,0
4628,0
4629,0
4630,1
4631,1
4632,0
4633,1
4634,0
4635,1
4636,0
4637,1
4638,1
4639,0
4640,1
4641,1
4642,1
4643,0
4644,1
4645,1
4646,0
4647,0
4648,0
4649,0
4650,0
4651,1
4652,0
4653,1
4654,1
4655,0
4656,0
4657,1
4658,0
4659,1
4660,0
4661,1
4662,0
4663,1
4664,0
4665,0
4666,1
4667,0
4668,0
4669,0
4670,1
4671,0
4672,1
4673,0
4674,0
4675,1
4676,0
4677,0
4678,1
4679,0
4680,1
4681,1
4682,0
4683,0
4684,0
4685,0
4686,0
4687,1
4688,1
4689,1
4690,0
4691,1
4692,1
4693,1
4694,1
4695,0
4696,1
4697,1
4698,1
4699,1
4700,0
4701,1
4702,1
4703,1
4704,0
4705,1
4706,1
4707,1
4708,0
4709,1
4710,0
4711,1
4712,0
4713,1
4714,0
4715,0
4716,0
4717,0
4718,1
4719,0
4720,0
4721,1
4722,0
4723,1
4724,1
4725,1
4726,0
4727,0
4728,1
4729,0
4730,1
4731,0
4732,0
4733,1
4734,1
4735,1
4736,0
4737,0
4738,1
4739,0
4740,0
4741,0
4742,0
4743,1
4744,1
4745,1
4746,1
4747,0
4748,0
4749,1
4750,1
4751,0
4752,0
4753,1
4754,1
4755,0
4756,1
4757,0
4758,0
4759,0
4760,1
4761,1
4762,0
4763,0
4764,1
4765,0
4766,1
4767,1
4768,0
4769,1
4770,0
4771,0
4772,1
4773,0
4774,1
4775,1
4776,0
4777,1
4778,0
4779,0
4780,1
4781,0
4782,0
4783,0
4784,1
4785,1
4786,0
4787,1
4788,1
4789,1
4790,0
4791,1
4792,1
4793,0
4794,0
4795,1
4796,0
4797,1
4798,1
4799,1
4800,0
4801,0
4802,0
4803,1
4804,1
4805,1
4806,1
4807,0
4808,0
4809,1
4810,1
4811,1
4812,1
4813,1
4814,0
4815,0
4816,0
4817,0
4818,0
4819,1
4820,0
4821,0
4822,1
4823,1
4824,0
4825,0
4826,0
4827,1
4828,1
4829,0
4830,0
4831,1
4832,0
4833,0
4834,1
4835,0
4836,0
4837,0
4838,1
4839,1
4840,0
4841,0
4842,0
4843,1
4844,1
4845,1
4846,0
4847,1
4848,0
4849,0
4850,0
4851,1
4852,0
4853,0
4854,0
4855,0
4856,0
4857,0
4858,0
4859,0
4860,1
4861,0
4862,0
4863,1
4864,1
4865,1
4866,0
4867,1
4868,1
4869,1
4870,0
4871,1
4872,1
4873,0
4874,0
4875,1
4876,1
4877,0
4878,0
4879,1
4880,1
4881,1
4882,1
4883,1
4884,0
4885,0
4886,0
4887,0
4888,0
4889,1
4890,0
4891,1
4892,0
4893,1
4894,1
4895,0
4896,0
4897,1
4898,0
4899,1
4900,1
4901,1
4902,1
4903,0
4904,0
4905,0
4906,1
4907,0
4908,1
4909,1
4910,0
4911,0
4912,1
4913,1
4914,1
4915,1
4916,0
4917,1
4918,1
4919,1
4920,1
4921,0
4922,0
4923,0
4924,0
4925,1
4926,1
4927,0
4928,1
4929,1
4930,0
4931,1
4932,0
4933,0
4934,0
4935,1
4936,0
4937,0
4938,0
4939,0
4940,0
4941,0
4942,0
4943,1
4944,0
4945,0
4946,1
4947,1
4948,1
4949,0
4950,0
4951,1
4952,1
4953,1
4954,0
4955,1
4956,1
4957,0
4958,0
4959,0
4960,0
4961,0
4962,1
4963,0
4964,0
4965,0
4966,0
4967,0
4968,1
4969,1
4970,1
4971,0
4972,0
4973,0
4974,1
4975,1
4976,0
4977,0
4978,1
4979,1
4980,0
4981,0
4982,0
4983,1
4984,0
4985,0
4986,0
4987,1
4988,0
4989,0
4990,1
4991,1
4992,0
4993,0
4994,0
4995,1
4996,0
4997,0
4998,0
4999,1
5000,1
5001,1
5002,0
5003,1
5004,0
5005,0
5006,1
5007,1
5008,1
5009,1
5010,1
5011,0
5012,0
5013,0
5014,0
5015,1
5016,1
5017,0
5018,1
5019,0
5020,0
5021,1
5022,0
5023,1
5024,0
5025,1
5026,0
5027,1
5028,1
5029,1
5030,1
5031,0
5032,1
5033,1
5034,0
5035,0
5036,0
5037,1
5038,0
5039,1
5040,1
5041,1
5042,1
5043,1
5044,0
5045,0
5046,1
5047,0
5048,1
5049,1
5050,1
5051,0
5052,0
5053,1
5054,0
5055,1
5056,0
5057,1
5058,1
5059,0
5060,0
5061,0
5062,1
5063,1
5064,0
5065,0
5066,0
5067,0
5068,1
5069,1
5070,0
5071,0
5072,1
5073,1
5074,0
5075,0
5076,0
5077,0
5078,1
5079,0
5080,1
5081,0
5082,1
5083,0
5084,0
5085,0
5086,0
5087,0
5088,1
5089,1
5090,1
5091,1
5092,0
5093,1
5094,0
5095,0
5096,1
5097,0
5098,1
5099,0
5100,0
5101,0
5102,0
5103,0
5104,1
5105,0
5106,0
5107,0
5108,0
5109,1
5110,1
5111,0
5112,1
5113,0
5114,1
5115,1
5116,0
5117,1
5118,0
5119,1
5120,1
5121,1
5122,1
5123,0
5124,0
5125,0
5126,1
5127,1
5128,0
5129,1
5130,1
5131,1
5132,1
5133,0
5134,0
5135,0
5136,0
5137,1
5138,1
5139,1
5140,1
5141,1
5142,0
5143,0
5144,1
5145,1
5146,1
5147,1
5148,0
5149,1
5150,1
5151,1
5152,1
5153,1
5154,0
5155,1
5156,1
5157,1
5158,1
5159,0
5160,1
5161,1
5162,1
5163,1
5164,1
5165,1
5166,0
5167,0
5168,1
5169,0
5170,1
5171,1
5172,1
5173,0
5174,0
5175,1
5176,0
5177,1
5178,0
5179,0
5180,1
5181,0
5182,0
5183,0
5184,0
5185,0
5186,1
5187,0
5188,0
5189,1
5190,0
5191,0
5192,0
5193,0
5194,0
5195,1
5196,0
5197,1
5198,0
5199,1
5200,0
5201,1
5202,0
5203,1
5204,1
5205,0
5206,1
5207,1
5208,0
5209,1
5210,0
5211,0
5212,1
5213,0
5214,1
5215,1
5216,0
5217,0
5218,1
5219,1
5220,1
5221,0
5222,0
5223,0
5224,1
5225,0
5226,0
5227,0
5228,1
5229,0
5230,1
5231,1
5232,0
5233,0
5234,0
5235,1
5236,1
5237,0
5238,0
5239,1
5240,0
5241,0
5242,1
5243,0
5244,1
5245,1
5246,0
5247,0
5248,1
5249,0
5250,1
5251,0
5252,1
5253,0
5254,1
5255,0
5256,1
5257,1
5258,1
5259,0
5260,1
5261,0
5262,0
5263,0
5264,0
5265,1
5266,0
5267,1
5268,0
5269,1
5270,1
5271,0
5272,0
5273,1
5274,0
5275,1
5276,1
5277,0
5278,0
5279,0
5280,1
5281,1
5282,1
5283,0
5284,1
5285,0
5286,1
5287,1
5288,0
5289,1
5290,0
5291,1
5292,1
5293,0
5294,1
5295,0
5296,1
5297,1
5298,0
5299,0
5300,1
5301,0
5302,1
5303,0
5304,1
5305,1
5306,0
5307,0
5308,1
5309,0
5310,0
5311,1
5312,1
5313,0
5314,0
5315,0
5316,1
5317,0
5318,1
5319,1
5320,1
5321,0
5322,0
5323,0
5324,0
5325,1
5326,0
5327,1
5328,1
5329,0
5330,0
5331,1
5332,0
5333,0
5334,0
5335,0
5336,0
5337,0
5338,0
5339,0
5340,1
5341,0
5342,1
5343,0
5344,1
5345,1
5346,0
5347,0
5348,1
5349,1
5350,0
5351,0
5352,0
5353,1
5354,0
5355,0
5356,0
5357,1
5358,1
5359,0
5360,0
5361,1
5362,1
5363,1
5364,1
5365,0
5366,0
5367,0
5368,0
5369,1
5370,1
5371,1
5372,1
5373,0
5374,1
5375,1
5376,1
5377,0
5378,1
5379,1
5380,0
5381,1
5382,0
5383,1
5384,0
5385,1
5386,0
5387,1
5388,0
5389,1
5390,0
5391,1
5392,0
5393,0
5394,1
5395,0
5396,0
5397,0
5398,0
5399,1
5400,0
5401,1
5402,1
5403,1
5404,0
5405,1
5406,0
5407,1
5408,0
5409,1
5410,0
5411,1
5412,1
5413,1
5414,1
5415,1
5416,1
5417,0
5418,0
5419,1
5420,1
5421,1
5422,1
5423,1
5424,0
5425,0
5426,1
5427,1
5428,0
5429,1
5430,1
5431,1
5432,1
5433,1
5434,0
5435,1
5436,0
5437,1
5438,0
5439,1
5440,1
5441,0
5442,0
5443,0
5444,0
5445,0
5446,1
5447,0
5448,0
5449,1
5450,1
5451,0
5452,0
5453,1
5454,1
5455,1
5456,1
5457,1
5458,0
5459,0
5460,1
5461,1
5462,1
5463,1
5464,0
5465,1
5466,1
5467,0
5468,1
5469,0
5470,0
5471,1
5472,0
5473,0
5474,1
5475,1
5476,1
5477,1
5478,1
5479,0
5480,1
5481,1
5482,0
5483,0
5484,1
5485,0
5486,0
5487,0
5488,1
5489,0
5490,0
5491,1
5492,0
5493,0
5494,0
5495,0
5496,0
5497,1
5498,0
5499,0
5500,0
5501,1
5502,0
5503,0
5504,0
5505,0
5506,1
5507,0
5508,1
5509,1
5510,1
5511,0
5512,0
5513,0
5514,0
5515,1
5516,1
5517,0
5518,1
5519,1
5520,0
5521,0
5522,0
5523,1
5524,0
5525,1
5526,1
5527,0
5528,0
5529,0
5530,1
5531,0
5532,1
5533,1
5534,0
5535,0
5536,0
5537,1
5538,0
5539,1
5540,1
5541,0
5542,0
5543,0
5544,0
5545,0
5546,0
5547,0
5548,1
5549,1
5550,0
5551,0
5552,0
5553,1
5554,0
5555,1
5556,0
5557,1
5558,1
5559,1
5560,0
5561,1
5562,0
5563,0
5564,1
5565,1
5566,1
5567,1
5568,1
5569,0
5570,0
5571,0
5572,0
5573,0
5574,1
5575,1
5576,1
5577,1
5578,1
5579,0
5580,0
5581,1
5582,0
5583,1
5584,1
5585,1
5586,1
5587,1
5588,0
5589,0
5590,0
5591,0
5592,1
5593,1
5594,0
5595,0
5596,0
5597,0
5598,0
5599,1
5600,0
5601,1
5602,1
5603,0
5604,1
5605,0
5606,0
5607,1
5608,1
5609,1
5610,1
5611,1
5612,0
5613,0
5614,0
5615,0
5616,0
5617,1
5618,0
5619,1
5620,0
5621,1
5622,1
5623,1
5624,0
5625,1
5626,1
5627,0
5628,1
5629,0
5630,0
5631,1
5632,0
5633,1
5634,0
5635,1
5636,0
5637,0
5638,0
5639,0
5640,1
5641,1
5642,0
5643,0
5644,0
5645,0
5646,1
5647,0
5648,0
5649,1
5650,0
5651,1
5652,1
5653,1
5654,1
5655,1
5656,0
5657,0
5658,0
5659,1
5660,1
5661,0
5662,0
5663,1
5664,1
5665,0
5666,0
5667,1
5668,1
5669,1
5670,0
5671,1
5672,0
5673,0
5674,0
5675,1
5676,0
5677,0
5678,0
5679,0
5680,1
5681,1
5682,1
5683,1
5684,1
5685,0
5686,0
5687,0
5688,0
5689,1
5690,0
5691,0
5692,1
5693,1
5694,0
5695,0
5696,0
5697,0
5698,1
5699,0
5700,0
5701,0
5702,1
5703,1
5704,1
5705,0
5706,1
5707,0
5708,1
5709,0
5710,0
5711,0
5712,0
5713,0
5714,0
5715,0
5716,1
5717,0
5718,0
5719,1
5720,0
5721,0
5722,0
5723,1
5724,1
5725,1
5726,0
5727,0
5728,1
5729,0
5730,1
5731,1
5732,0
5733,0
5734,0
5735,0
5736,0
5737,0
5738,0
5739,0
5740,0
5741,0
5742,1
5743,1
5744,1
5745,0
5746,0
5747,0
5748,0
5749,0
5750,0
5751,0
5752,1
5753,1
5754,1
5755,0
5756,0
5757,0
5758,1
5759,0
5760,0
5761,1
5762,1
5763,1
5764,1
5765,1
5766,0
5767,1
5768,0
5769,0
5770,0
5771,0
5772,1
5773,0
5774,0
5775,0
5776,1
5777,1
5778,0
5779,0
5780,0
5781,1
5782,0
5783,0
5784,0
5785,1
5786,1
5787,0
5788,1
5789,1
5790,0
5791,1
5792,0
5793,1
5794,1
5795,1
5796,0
5797,1
5798,0
5799,1
5800,0
5801,0
5802,1
5803,1
5804,0
5805,1
5806,0
5807,0
5808,0
5809,1
5810,0
5811,1
5812,0
5813,1
5814,1
5815,0
5816,0
5817,0
5818,1
5819,1
5820,1
5821,0
5822,1
5823,0
5824,1
5825,0
5826,0
5827,1
5828,1
5829,0
5830,0
5831,1
5832,1
5833,0
5834,0
5835,1
5836,1
5837,0
5838,0
5839,1
5840,1
5841,0
5842,1
5843,0
5844,1
5845,1
5846,1
5847,1
5848,1
5849,0
5850,0
5851,1
5852,1
5853,1
5854,1
5855,1
5856,0
5857,1
5858,0
5859,0
5860,1
5861,1
5862,0
5863,0
5864,1
5865,0
5866,0
5867,1
5868,0
5869,1
5870,1
5871,0
5872,0
5873,1
5874,0
5875,0
5876,0
5877,0
5878,1
5879,1
5880,1
5881,0
5882,1
5883,0
5884,0
5885,0
5886,1
5887,1
5888,1
5889,1
5890,1
5891,0
5892,0
5893,1
5894,0
5895,1
5896,1
5897,1
5898,0
5899,0
5900,1
5901,1
5902,1
5903,1
5904,1
5905,1
5906,1
5907,1
5908,0
5909,1
5910,0
5911,0
5912,0
5913,1
5914,1
5915,1
5916,1
5917,1
5918,0
5919,0
5920,1
5921,0
5922,0
5923,1
5924,1
5925,0
5926,1
5927,1
5928,0
5929,0
5930,0
5931,0
5932,1
5933,0
5934,0
5935,1
5936,1
5937,1
5938,0
5939,0
5940,0
5941,1
5942,0
5943,0
5944,1
5945,1
5946,1
5947,0
5948,0
5949,1
5950,1
5951,1
5952,1
5953,0
5954,1
5955,1
5956,1
5957,0
5958,0
5959,0
5960,0
5961,0
5962,1
5963,1
5964,0
5965,1
5966,0
5967,0
5968,0
5969,1
5970,0
5971,1
5972,0
5973,0
5974,1
5975,0
5976,0
5977,1
5978,0
5979,1
5980,1
5981,1
5982,0
5983,1
5984,1
5985,0
5986,1
5987,1
5988,1
5989,0
5990,0
5991,0
5992,0
5993,1
5994,1
5995,1
5996,0
5997,1
5998,1
5999,0
6000,1
6001,1
6002,0
6003,0
6004,1
6005,1
6006,1
6007,0
6008,1
6009,0
6010,0
6011,1
6012,1
6013,1
6014,0
6015,0
6016,0
6017,1
6018,1
6019,0
6020,0
6021,1
6022,1
6023,0
6024,0
6025,1
6026,0
6027,1
6028,0
6029,0
6030,0
6031,0
6032,1
6033,1
6034,0
6035,0
6036,0
6037,0
6038,0
6039,1
6040,1
6041,1
6042,0
6043,1
6044,1
6045,1
6046,0
6047,0
6048,0
6049,1
6050,1
6051,0
6052,0
6053,0
6054,1
6055,0
6056,1
6057,1
6058,0
6059,1
6060,0
6061,1
6062,0
6063,1
6064,0
6065,0
6066,0
6067,1
6068,1
6069,1
6070,1
6071,1
6072,0
6073,0
6074,0
6075,1
6076,1
6077,0
6078,1
6079,1
6080,0
6081,0
6082,1
6083,1
6084,0
6085,0
6086,1
6087,0
6088,0
6089,0
6090,0
6091,1
6092,0
6093,0
6094,1
6095,1
6096,0
6097,0
6098,0
6099,0
6100,0
6101,1
6102,0
6103,1
6104,1
6105,1
6106,0
6107,0
6108,1
6109,1
6110,0
6111,0
6112,0
6113,1
6114,0
6115,1
6116,0
6117,0
6118,1
6119,0
6120,1
6121,0
6122,1
6123,1
6124,0
6125,1
6126,1
6127,0
6128,1
6129,1
6130,0
6131,1
6132,0
6133,1
6134,1
6135,1
6136,1
6137,1
6138,0
6139,0
6140,0
6141,0
6142,1
6143,0
6144,1
6145,0
6146,1
6147,1
6148,0
6149,1
6150,1
6151,1
6152,0
6153,1
6154,0
6155,1
6156,1
6157,1
6158,0
6159,1
6160,0
6161,0
6162,1
6163,1
6164,0
6165,1
6166,1
6167,0
6168,1
6169,0
6170,1
6171,1
6172,0
6173,1
6174,1
6175,1
6176,1
6177,1
6178,0
6179,0
6180,0
6181,1
6182,1
6183,1
6184,0
6185,0
6186,0
6187,0
6188,1
6189,0
6190,0
6191,0
6192,0
6193,0
6194,1
6195,0
6196,1
6197,0
6198,0
6199,0
6200,0
6201,0
6202,1
6203,1
6204,1
6205,1
6206,0
6207,0
6208,1
6209,1
6210,1
6211,1
6212,1
6213,1
6214,1
6215,0
6216,1
6217,1
6218,0
6219,1
6220,0
6221,1
6222,1
6223,0
6224,0
6225,1
6226,1
6227,0
6228,0
6229,1
6230,1
6231,0
6232,0
6233,0
6234,0
6235,1
6236,1
6237,0
6238,1
6239,1
6240,1
6241,0
6242,0
6243,0
6244,1
6245,0
6246,0
6247,1
6248,1
6249,0
6250,1
6251,0
6252,0
6253,0
6254,0
6255,0
6256,1
6257,0
6258,1
6259,1
6260,0
6261,0
6262,0
6263,0
6264,0
6265,0
6266,1
6267,1
6268,1
6269,0
6270,0
6271,0
6272,1
6273,1
6274,0
6275,0
6276,1
6277,0
6278,0
6279,1
6280,0
6281,0
6282,1
6283,1
6284,0
6285,1
6286,0
6287,1
6288,1
6289,1
6290,1
6291,0
6292,0
6293,1
6294,1
6295,0
6296,1
6297,1
6298,0
6299,0
6300,1
6301,1
6302,1
6303,0
6304,0
6305,0
6306,0
6307,1
6308,0
6309,0
6310,0
6311,0
6312,0
6313,1
6314,0
6315,0
6316,0
6317,0
6318,0
6319,0
6320,1
6321,1
6322,1
6323,0
6324,1
6325,0
6326,0
6327,1
6328,0
6329,1
6330,0
6331,0
6332,0
6333,1
6334,1
6335,1
6336,1
6337,0
6338,0
6339,1
6340,0
6341,0
6342,0
6343,0
6344,1
6345,0
6346,1
6347,1
6348,1
6349,0
6350,0
6351,1
6352,0
6353,1
6354,1
6355,0
6356,0
6357,0
6358,0
6359,0
6360,1
6361,0
6362,1
6363,1
6364,0
6365,0
6366,1
6367,0
6368,0
6369,1
6370,0
6371,0
6372,0
6373,0
6374,1
6375,1
6376,0
6377,0
6378,0
6379,1
6380,0
6381,1
6382,1
6383,0
6384,0
6385,0
6386,0
6387,0
6388,1
6389,0
6390,0
6391,1
6392,0
6393,1
6394,0
6395,0
6396,0
6397,1
6398,0
6399,0
6400,1
6401,1
6402,1
6403,1
6404,1
6405,0
6406,0
6407,1
6408,1
6409,1
6410,0
6411,0
6412,1
6413,1
6414,1
6415,0
6416,1
6417,0
6418,1
6419,1
6420,0
6421,0
6422,1
6423,1
6424,0
6425,0
6426,1
6427,0
6428,0
6429,1
6430,1
6431,1
6432,0
6433,0
6434,1
6435,0
6436,1
6437,0
6438,1
6439,0
6440,1
6441,1
6442,0
6443,0
6444,1
6445,0
6446,0
6447,1
6448,1
6449,1
6450,0
6451,0
6452,1
6453,0
6454,1
6455,0
6456,0
6457,1
6458,1
6459,0
6460,0
6461,1
6462,1
6463,1
6464,0
6465,1
6466,1
6467,0
6468,0
6469,1
6470,0
6471,1
6472,0
6473,0
6474,0
6475,1
6476,0
6477,0
6478,0
6479,1
6480,1
6481,0
6482,1
6483,0
6484,1
6485,1
6486,0
6487,1
6488,1
6489,1
6490,1
6491,1
6492,0
6493,1
6494,1
6495,1
6496,1
6497,0
6498,1
6499,0
6500,1
6501,0
6502,0
6503,0
6504,1
6505,0
6506,0
6507,1
6508,1
6509,1
6510,0
6511,1
6512,1
6513,0
6514,1
6515,0
6516,1
6517,1
6518,1
6519,1
6520,0
6521,0
6522,0
6523,1
6524,1
6525,0
6526,0
6527,0
6528,0
6529,1
6530,0
6531,1
6532,0
6533,1
6534,1
6535,1
6536,0
6537,0
6538,1
6539,0
6540,1
6541,0
6542,1
6543,0
6544,0
6545,1
6546,0
6547,1
6548,0
6549,1
6550,0
6551,0
6552,0
6553,1
6554,0
6555,0
6556,0
6557,1
6558,1
6559,1
6560,0
6561,1
6562,0
6563,0
6564,1
6565,1
6566,0
6567,0
6568,0
6569,0
6570,1
6571,1
6572,0
6573,0
6574,1
6575,1
6576,0
6577,0
6578,0
6579,1
6580,0
6581,0
6582,1
6583,1
6584,0
6585,0
6586,1
6587,0
6588,0
6589,1
6590,0
6591,1
6592,0
6593,1
6594,0
6595,1
6596,1
6597,1
6598,0
6599,0
6600,0
6601,0
6602,0
6603,1
6604,1
6605,0
6606,1
6607,1
6608,0
6609,1
6610,0
6611,1
6612,1
6613,1
6614,1
6615,0
6616,1
6617,1
6618,0
6619,0
6620,0
6621,1
6622,1
6623,1
6624,1
6625,0
6626,0
6627,0
6628,0
6629,0
6630,1
6631,0
6632,1
6633,1
6634,1
6635,0
6636,0
6637,1
6638,0
6639,1
6640,0
6641,0
6642,0
6643,0
6644,0
6645,0
6646,0
6647,0
6648,1
6649,1
6650,0
6651,0
6652,1
6653,0
6654,1
6655,0
6656,0
6657,1
6658,1
6659,1
6660,1
6661,1
6662,1
6663,1
6664,0
6665,0
6666,0
6667,1
6668,0
6669,0
6670,0
6671,0
6672,1
6673,1
6674,0
6675,1
6676,0
6677,1
6678,1
6679,0
6680,0
6681,1
6682,1
6683,0
6684,1
6685,0
6686,0
6687,0
6688,1
6689,0
6690,1
6691,1
6692,0
6693,0
6694,0
6695,1
6696,0
6697,1
6698,1
6699,0
6700,0
6701,0
6702,1
6703,1
6704,0
6705,0
6706,0
6707,1
6708,1
6709,1
6710,0
6711,1
6712,0
6713,1
6714,0
6715,1
6716,1
6717,0
6718,1
6719,1
6720,1
6721,1
6722,1
6723,1
6724,0
6725,1
6726,1
6727,1
6728,0
6729,0
6730,1
6731,0
6732,1
6733,0
6734,0
6735,0
6736,0
6737,1
6738,0
6739,0
6740,1
6741,0
6742,1
6743,0
6744,1
6745,1
6746,1
6747,1
6748,1
6749,0
6750,0
6751,0
6752,1
6753,1
6754,0
6755,0
6756,0
6757,1
6758,0
6759,1
6760,1
6761,1
6762,0
6763,0
6764,1
6765,0
6766,0
6767,1
6768,0
6769,0
6770,0
6771,1
6772,0
6773,0
6774,1
6775,0
6776,0
6777,1
6778,1
6779,1
6780,1
6781,0
6782,0
6783,1
6784,0
6785,1
6786,0
6787,0
6788,1
6789,1
6790,1
6791,1
6792,1
6793,0
6794,1
6795,1
6796,0
6797,0
6798,0
6799,1
6800,0
6801,0
6802,1
6803,1
6804,1
6805,0
6806,1
6807,0
6808,0
6809,1
6810,0
6811,1
6812,1
6813,1
6814,0
6815,1
6816,1
6817,0
6818,1
6819,0
6820,0
6821,0
6822,0
6823,1
6824,1
6825,0
6826,0
6827,1
6828,1
6829,0
6830,0
6831,1
6832,0
6833,0
6834,0
6835,1
6836,0
6837,0
6838,0
6839,1
6840,1
6841,0
6842,0
6843,0
6844,0
6845,1
6846,0
6847,0
6848,1
6849,1
6850,0
6851,0
6852,0
6853,1
6854,1
6855,1
6856,1
6857,1
6858,0
6859,0
6860,1
6861,0
6862,1
6863,1
6864,0
6865,0
6866,1
6867,0
6868,1
6869,0
6870,1
6871,1
6872,0
6873,1
6874,1
6875,0
6876,1
6877,0
6878,0
6879,1
6880,0
6881,1
6882,0
6883,1
6884,1
6885,0
6886,0
6887,1
6888,0
6889,0
6890,1
6891,0
6892,1
6893,1
6894,1
6895,0
6896,1
6897,0
6898,1
6899,0
6900,0
6901,0
6902,1
6903,0
6904,1
6905,1
6906,0
6907,0
6908,0
6909,1
6910,0
6911,1
6912,1
6913,0
6914,0
6915,1
6916,0
6917,1
6918,0
6919,0
6920,0
6921,1
6922,0
6923,0
6924,0
6925,0
6926,0
6927,1
6928,0
6929,1
6930,0
6931,0
6932,1
6933,1
6934,1
6935,1
6936,1
6937,0
6938,1
6939,0
6940,1
6941,1
6942,0
6943,0
6944,0
6945,0
6946,0
6947,0
6948,1
6949,0
6950,0
6951,1
6952,0
6953,0
6954,0
6955,1
6956,0
6957,1
6958,0
6959,1
6960,0
6961,0
6962,0
6963,0
6964,1
6965,0
6966,0
6967,0
6968,0
6969,1
6970,1
6971,1
6972,0
6973,0
6974,1
6975,1
6976,1
6977,0
6978,0
6979,0
6980,0
6981,1
6982,1
6983,0
6984,1
6985,1
6986,0
6987,1
6988,1
6989,0
6990,1
6991,0
6992,0
6993,0
6994,0
6995,1
6996,1
6997,0
6998,0
6999,0
7000,1
7001,0
7002,0
7003,1
7004,1
7005,0
7006,1
7007,0
7008,0
7009,1
7010,0
7011,1
7012,0
7013,0
7014,0
7015,0
7016,0
7017,0
7018,0
7019,1
7020,1
7021,1
7022,1
7023,1
7024,0
7025,0
7026,0
7027,0
7028,0
7029,1
7030,1
7031,0
7032,1
7033,0
7034,1
7035,1
7036,1
7037,0
7038,1
7039,0
7040,0
7041,0
7042,0
7043,0
7044,1
7045,1
7046,1
7047,0
7048,0
7049,0
7050,0
7051,0
7052,1
7053,0
7054,0
7055,0
7056,1
7057,1
7058,1
7059,1
7060,1
7061,1
7062,1
7063,0
7064,0
7065,1
7066,0
7067,0
7068,1
7069,1
7070,1
7071,0
7072,1
7073,1
7074,0
7075,1
7076,0
7077,1
7078,0
7079,0
7080,1
7081,1
7082,1
7083,0
7084,1
7085,0
7086,0
7087,0
7088,0
7089,0
7090,1
7091,0
7092,0
7093,0
7094,0
7095,0
7096,0
7097,0
7098,0
7099,0
7100,0
7101,1
7102,0
7103,0
7104,1
7105,1
7106,1
7107,0
7108,1
7109,1
7110,1
7111,1
7112,1
7113,0
7114,1
7115,0
7116,0
7117,1
7118,1
7119,1
7120,1
7121,1
7122,0
7123,1
7124,0
7125,0
7126,1
7127,1
7128,0
7129,0
7130,0
7131,0
7132,1
7133,0
7134,0
7135,0
7136,1
7137,0
7138,1
7139,0
7140,1
7141,0
7142,0
7143,1
7144,1
7145,0
7146,1
7147,1
7148,1
7149,0
7150,0
7151,0
7152,0
7153,0
7154,1
7155,0
7156,0
7157,1
7158,1
7159,1
7160,1
7161,1
7162,0
7163,1
7164,0
7165,0
7166,0
7167,1
7168,1
7169,0
7170,1
7171,1
7172,0
7173,0
7174,0
7175,1
7176,1
7177,0
7178,0
7179,1
7180,1
7181,0
7182,0
7183,0
7184,1
7185,1
7186,1
7187,0
7188,0
7189,0
7190,0
7191,0
7192,1
7193,0
7194,0
7195,1
7196,1
7197,1
7198,1
7199,1
7200,1
7201,0
7202,0
7203,0
7204,1
7205,0
7206,0
7207,0
7208,1
7209,1
7210,0
7211,1
7212,0
7213,1
7214,0
7215,0
7216,1
7217,1
7218,0
7219,1
7220,1
7221,0
7222,0
7223,1
7224,0
7225,0
7226,0
7227,0
7228,0
7229,1
7230,1
7231,0
7232,1
7233,0
7234,0
7235,0
7236,0
7237,1
7238,0
7239,1
7240,1
7241,0
7242,1
7243,1
7244,1
7245,0
7246,1
7247,0
7248,0
7249,0
7250,0
7251,0
7252,1
7253,1
7254,0
7255,0
7256,1
7257,0
7258,1
7259,0
7260,1
7261,0
7262,1
7263,0
7264,0
7265,1
7266,1
7267,0
7268,1
7269,0
7270,1
7271,0
7272,1
7273,0
7274,1
7275,1
7276,1
7277,0
7278,1
7279,0
7280,0
7281,0
7282,1
7283,0
7284,1
7285,0
7286,0
7287,1
7288,1
7289,0
7290,1
7291,1
7292,1
7293,0
7294,0
7295,0
7296,1
7297,0
7298,0
7299,0
7300,0
7301,0
7302,1
7303,0
7304,1
7305,0
7306,1
7307,0
7308,0
7309,0
7310,1
7311,1
7312,1
7313,1
7314,0
7315,0
7316,0
7317,1
7318,1
7319,0
7320,1
7321,1
7322,1
7323,1
7324,0
7325,1
7326,1
7327,0
7328,1
7329,1
7330,1
7331,1
7332,1
7333,1
7334,1
7335,0
7336,0
7337,0
7338,1
7339,0
7340,0
7341,1
7342,0
7343,1
7344,0
7345,1
7346,1
7347,1
7348,0
7349,0
7350,1
7351,0
7352,0
7353,1
7354,1
7355,0
7356,1
7357,1
7358,0
7359,1
7360,0
7361,1
7362,1
7363,0
7364,1
7365,0
7366,0
7367,1
7368,0
7369,1
7370,0
7371,0
7372,1
7373,0
7374,0
7375,1
7376,0
7377,1
7378,0
7379,0
7380,0
7381,1
7382,1
7383,1
7384,0
7385,0
7386,0
7387,1
7388,0
7389,1
7390,1
7391,1
7392,0
7393,0
7394,0
7395,0
7396,0
7397,0
7398,1
7399,1
7400,1
7401,1
7402,0
7403,1
7404,0
7405,1
7406,0
7407,0
7408,0
7409,0
7410,1
7411,1
7412,0
7413,0
7414,1
7415,1
7416,1
7417,0
7418,0
7419,1
7420,0
7421,0
7422,1
7423,0
7424,0
7425,1
7426,1
7427,0
7428,0
7429,0
7430,0
7431,0
7432,1
7433,1
7434,0
7435,1
7436,1
7437,1
7438,1
7439,0
7440,0
7441,1
7442,0
7443,0
7444,1
7445,0
7446,0
7447,1
7448,1
7449,0
7450,0
7451,0
7452,0
7453,1
7454,0
7455,0
7456,0
7457,1
7458,0
7459,0
7460,1
7461,0
7462,1
7463,0
7464,0
7465,1
7466,0
7467,0
7468,1
7469,1
7470,0
7471,0
7472,1
7473,1
7474,0
7475,0
7476,0
7477,0
7478,1
7479,1
7480,0
7481,0
7482,0
7483,0
7484,0
7485,0
7486,0
7487,1
7488,1
7489,0
7490,0
7491,1
7492,0
7493,0
7494,1
7495,0
7496,1
7497,1
7498,1
7499,1
7500,1
7501,1
7502,0
7503,1
7504,0
7505,0
7506,1
7507,1
7508,0
7509,1
7510,1
7511,0
7512,1
7513,0
7514,0
7515,0
7516,1
7517,0
7518,1
7519,1
7520,1
7521,0
7522,0
7523,0
7524,0
7525,0
7526,0
7527,0
7528,1
7529,1
7530,0
7531,0
7532,1
7533,1
7534,0
7535,1
7536,1
7537,1
7538,0
7539,0
7540,0
7541,0
7542,1
7543,1
7544,1
7545,0
7546,0
7547,0
7548,1
7549,0
7550,0
7551,0
7552,0
7553,0
7554,1
7555,1
7556,1
7557,1
7558,0
7559,0
7560,0
7561,1
7562,1
7563,0
7564,1
7565,0
7566,1
7567,1
7568,1
7569,1
7570,1
7571,1
7572,0
7573,0
7574,1
7575,0
7576,0
7577,1
7578,0
7579,0
7580,0
7581,1
7582,0
7583,1
7584,1
7585,0
7586,1
7587,0
7588,0
7589,0
7590,0
7591,1
7592,1
7593,0
7594,1
7595,0
7596,0
7597,1
7598,1
7599,0
7600,1
7601,1
7602,0
7603,0
7604,1
7605,0
7606,0
7607,0
7608,0
7609,0
7610,1
7611,1
7612,0
7613,0
7614,0
7615,1
7616,1
7617,0
7618,0
7619,0
7620,1
7621,0
7622,1
7623,0
7624,1
7625,0
7626,0
7627,0
7628,0
7629,1
7630,1
7631,1
7632,0
7633,1
7634,1
7635,1
7636,0
7637,0
7638,1
7639,0
7640,0
7641,1
7642,1
7643,1
7644,1
7645,0
7646,0
7647,1
7648,1
7649,0
7650,1
7651,1
7652,0
7653,0
7654,1
7655,1
7656,1
7657,1
7658,1
7659,0
7660,0
7661,1
7662,1
7663,0
7664,0
7665,1
7666,1
7667,0
7668,1
7669,1
7670,0
7671,0
7672,1
7673,0
7674,1
7675,1
7676,0
7677,0
7678,1
7679,0
7680,0
7681,1
7682,1
7683,1
7684,0
7685,0
7686,0
7687,0
7688,0
7689,1
7690,0
7691,0
7692,0
7693,1
7694,1
7695,1
7696,0
7697,1
7698,0
7699,0
7700,0
7701,1
7702,0
7703,1
7704,1
7705,0
7706,0
7707,0
7708,0
7709,0
7710,1
7711,1
7712,0
7713,1
7714,1
7715,0
7716,0
7717,1
7718,0
7719,1
7720,0
7721,0
7722,0
7723,0
7724,1
7725,0
7726,0
7727,1
7728,0
7729,1
7730,1
7731,0
7732,1
7733,0
7734,0
7735,0
7736,1
7737,1
7738,1
7739,1
7740,1
7741,0
7742,1
7743,0
7744,1
7745,1
7746,1
7747,0
7748,0
7749,0
7750,1
7751,0
7752,1
7753,0
7754,1
7755,1
7756,0
7757,0
7758,1
7759,0
7760,1
7761,0
7762,1
7763,1
7764,0
7765,0
7766,0
7767,1
7768,1
7769,1
7770,0
7771,0
7772,1
7773,0
7774,1
7775,1
7776,1
7777,1
7778,1
7779,0
7780,1
7781,1
7782,1
7783,0
7784,1
7785,0
7786,1
7787,1
7788,0
7789,1
7790,0
7791,1
7792,1
7793,1
7794,1
7795,0
7796,0
7797,1
7798,1
7799,0
7800,1
7801,0
7802,1
7803,0
7804,1
7805,1
7806,1
7807,1
7808,0
7809,0
7810,0
7811,1
7812,1
7813,1
7814,0
7815,1
7816,0
7817,1
7818,0
7819,1
7820,1
7821,0
7822,0
7823,0
7824,1
7825,1
7826,0
7827,0
7828,1
7829,0
7830,0
7831,1
7832,1
7833,0
7834,0
7835,0
7836,0
7837,1
7838,1
7839,0
7840,0
7841,0
7842,0
7843,1
7844,0
7845,0
7846,0
7847,1
7848,1
7849,1
7850,0
7851,1
7852,1
7853,1
7854,0
7855,1
7856,1
7857,0
7858,1
7859,0
7860,0
7861,1
7862,0
7863,0
7864,0
7865,0
7866,0
7867,0
7868,1
7869,1
7870,1
7871,0
7872,1
7873,1
7874,1
7875,0
7876,1
7877,1
7878,1
7879,1
7880,0
7881,1
7882,1
7883,0
7884,1
7885,0
7886,0
7887,0
7888,1
7889,0
7890,1
7891,1
7892,0
7893,0
7894,0
7895,1
7896,0
7897,0
7898,0
7899,0
7900,0
7901,0
7902,1
7903,0
7904,0
7905,1
7906,1
7907,1
7908,1
7909,0
7910,0
7911,0
7912,1
7913,1
7914,1
7915,0
7916,1
7917,1
7918,1
7919,1
7920,1
7921,0
7922,1
7923,0
7924,1
7925,1
7926,0
7927,1
7928,1
7929,0
7930,1
7931,1
7932,0
7933,0
7934,0
7935,1
7936,0
7937,1
7938,1
7939,1
7940,0
7941,0
7942,0
7943,1
7944,0
7945,0
7946,0
7947,0
7948,0
7949,1
7950,0
7951,0
7952,0
7953,0
7954,1
7955,1
7956,0
7957,0
7958,0
7959,1
7960,0
7961,0
7962,1
7963,0
7964,1
7965,0
7966,1
7967,1
7968,1
7969,0
7970,0
7971,0
7972,1
7973,1
7974,1
7975,0
7976,1
7977,0
7978,1
7979,0
7980,1
7981,1
7982,0
7983,0
7984,1
7985,0
7986,0
7987,0
7988,0
7989,1
7990,0
7991,0
7992,1
7993,0
7994,0
7995,1
7996,0
7997,1
7998,1
7999,0
8000,1
8001,0
8002,0
8003,0
8004,1
8005,1
8006,0
8007,1
8008,1
8009,1
8010,0
8011,0
8012,0
8013,0
8014,0
8015,0
8016,0
8017,0
8018,1
8019,1
8020,1
8021,1
8022,1
8023,0
8024,0
8025,0
8026,0
8027,1
8028,0
8029,1
8030,0
8031,0
8032,0
8033,1
8034,0
8035,1
8036,0
8037,0
8038,0
8039,1
8040,0
8041,1
8042,0
8043,1
8044,0
8045,0
8046,1
8047,0
8048,1
8049,0
8050,0
8051,0
8052,0
8053,0
8054,1
8055,0
8056,1
8057,0
8058,0
8059,0
8060,1
8061,1
8062,0
8063,0
8064,0
8065,1
8066,0
8067,0
8068,0
8069,1
8070,1
8071,0
8072,1
8073,1
8074,0
8075,0
8076,1
8077,1
8078,0
8079,0
8080,0
8081,0
8082,1
8083,1
8084,0
8085,1
8086,0
8087,0
8088,0
8089,1
8090,0
8091,1
8092,0
8093,0
8094,0
8095,0
8096,1
8097,1
8098,0
8099,0
8100,1
8101,0
8102,1
8103,0
8104,1
8105,0
8106,0
8107,0
8108,0
8109,0
8110,1
8111,0
8112,1
8113,0
8114,0
8115,1
8116,1
8117,0
8118,0
8119,1
8120,1
8121,0
8122,0
8123,0
8124,1
8125,1
8126,1
8127,1
8128,1
8129,1
8130,1
8131,1
8132,1
8133,1
8134,1
8135,1
8136,0
8137,0
8138,0
8139,1
8140,0
8141,1
8142,1
8143,0
8144,0
8145,0
8146,0
8147,1
8148,1
8149,0
8150,1
8151,0
8152,0
8153,1
8154,1
8155,1
8156,0
8157,0
8158,1
8159,1
8160,0
8161,1
8162,1
8163,0
8164,0
8165,1
8166,1
8167,0
8168,0
8169,0
8170,0
8171,1
8172,0
8173,0
8174,0
8175,1
8176,0
8177,1
8178,0
8179,0
8180,0
8181,1
8182,1
8183,0
8184,1
8185,0
8186,1
8187,0
8188,0
8189,1
8190,1
8191,0
8192,0
8193,1
8194,0
8195,0
8196,1
8197,0
8198,0
8199,1
8200,0
8201,1
8202,1
8203,0
8204,1
8205,0
8206,1
8207,1
8208,0
8209,0
8210,1
8211,1
8212,0
8213,0
8214,0
8215,1
8216,1
8217,0
8218,1
8219,1
8220,1
8221,1
8222,0
8223,0
8224,1
8225,0
8226,1
8227,1
8228,0
8229,1
8230,0
8231,1
8232,0
8233,0
8234,1
8235,0
8236,1
8237,0
8238,0
8239,0
8240,1
8241,1
8242,1
8243,1
8244,0
8245,0
8246,1
8247,0
8248,0
8249,1
8250,1
8251,1
8252,1
8253,1
8254,1
8255,0
8256,1
8257,1
8258,0
8259,1
8260,0
8261,0
8262,1
8263,0
8264,0
8265,1
8266,0
8267,0
8268,1
8269,0
8270,0
8271,1
8272,0
8273,1
8274,1
8275,0
8276,1
8277,1
8278,0
8279,0
8280,1
8281,0
8282,0
8283,1
8284,0
8285,1
8286,0
8287,0
8288,0
8289,1
8290,1
8291,0
8292,1
8293,1
8294,0
8295,1
8296,0
8297,1
8298,1
8299,0
8300,1
8301,1
8302,1
8303,0
8304,0
8305,1
8306,1
8307,1
8308,1
8309,0
8310,1
8311,0
8312,0
8313,0
8314,0
8315,1
8316,0
8317,0
8318,1
8319,0
8320,1
8321,0
8322,1
8323,1
8324,0
8325,1
8326,0
8327,1
8328,1
8329,1
8330,1
8331,1
8332,1
8333,1
8334,1
8335,0
8336,0
8337,0
8338,1
8339,0
8340,0
8341,1
8342,1
8343,1
8344,0
8345,1
8346,0
8347,0
8348,0
8349,0
8350,0
8351,1
8352,1
8353,0
8354,1
8355,0
8356,0
8357,0
8358,0
8359,1
8360,1
8361,1
8362,1
8363,1
8364,1
8365,0
8366,0
8367,1
8368,0
8369,0
8370,1
8371,0
8372,1
8373,1
8374,1
8375,1
8376,1
8377,0
8378,0
8379,0
8380,0
8381,0
8382,0
8383,0
8384,1
8385,1
8386,1
8387,1
8388,1
8389,1
8390,1
8391,1
8392,0
8393,0
8394,0
8395,0
8396,0
8397,0
8398,0
8399,1
8400,1
8401,0
8402,0
8403,0
8404,1
8405,0
8406,1
8407,0
8408,1
8409,0
8410,0
8411,0
8412,1
8413,0
8414,1
8415,1
8416,0
8417,1
8418,1
8419,0
8420,0
8421,0
8422,0
8423,0
8424,0
8425,1
8426,1
8427,0
8428,0
8429,1
8430,0
8431,1
8432,0
8433,1
8434,0
8435,1
8436,1
8437,0
8438,1
8439,0
8440,1
8441,0
8442,1
8443,1
8444,1
8445,1
8446,0
8447,0
8448,1
8449,1
8450,0
8451,0
8452,1
8453,1
8454,0
8455,1
8456,0
8457,1
8458,0
8459,1
8460,0
8461,0
8462,0
8463,0
8464,0
8465,0
8466,1
8467,0
8468,1
8469,1
8470,1
8471,1
8472,0
8473,0
8474,0
8475,0
8476,0
8477,1
8478,0
8479,0
8480,0
8481,1
8482,0
8483,1
8484,0
8485,0
8486,0
8487,0
8488,0
8489,0
8490,0
8491,0
8492,0
8493,0
8494,1
8495,1
8496,0
8497,0
8498,1
8499,1
8500,0
8501,0
8502,1
8503,1
8504,0
8505,0
8506,1
8507,0
8508,0
8509,0
8510,0
8511,1
8512,0
8513,1
8514,0
8515,0
8516,0
8517,0
8518,0
8519,1
8520,0
8521,1
8522,0
8523,1
8524,1
8525,0
8526,1
8527,0
8528,0
8529,1
8530,1
8531,1
8532,1
8533,1
8534,0
8535,0
8536,1
8537,0
8538,0
8539,0
8540,1
8541,1
8542,0
8543,0
8544,0
8545,1
8546,1
8547,1
8548,1
8549,1
8550,1
8551,0
8552,1
8553,1
8554,0
8555,1
8556,1
8557,1
8558,0
8559,0
8560,1
8561,0
8562,1
8563,1
8564,0
8565,0
8566,0
8567,0
8568,1
8569,1
8570,1
8571,1
8572,1
8573,0
8574,0
8575,1
8576,1
8577,1
8578,0
8579,0
8580,0
8581,0
8582,0
8583,1
8584,0
8585,1
8586,1
8587,1
8588,0
8589,0
8590,0
8591,1
8592,0
8593,0
8594,1
8595,0
8596,1
8597,0
8598,0
8599,0
8600,1
8601,0
8602,0
8603,0
8604,1
8605,0
8606,0
8607,0
8608,0
8609,0
8610,0
8611,1
8612,1
8613,0
8614,1
8615,1
8616,0
8617,0
8618,1
8619,0
8620,0
8621,0
8622,0
8623,1
8624,1
8625,0
8626,0
8627,0
8628,0
8629,0
8630,0
8631,0
8632,0
8633,0
8634,1
8635,0
8636,1
8637,0
8638,0
8639,0
8640,0
8641,1
8642,0
8643,1
8644,0
8645,1
8646,0
8647,0
8648,1
8649,1
8650,1
8651,0
8652,0
8653,0
8654,0
8655,0
8656,0
8657,0
8658,0
8659,1
8660,0
8661,1
8662,0
8663,1
8664,0
8665,0
8666,0
8667,1
8668,0
8669,0
8670,1
8671,1
8672,1
8673,0
8674,1
8675,1
8676,1
8677,0
8678,1
8679,0
8680,0
8681,0
8682,1
8683,0
8684,1
8685,0
8686,1
8687,0
8688,1
8689,0
8690,0
8691,0
8692,1
8693,1
8694,1
8695,1
8696,1
8697,1
8698,0
8699,1
8700,1
8701,0
8702,0
8703,1
8704,0
8705,1
8706,1
8707,1
8708,1
8709,0
8710,0
8711,0
8712,0
8713,0
8714,0
8715,1
8716,0
8717,1
8718,1
8719,0
8720,1
8721,1
8722,0
8723,1
8724,1
8725,0
8726,0
8727,0
8728,1
8729,1
8730,1
8731,1
8732,0
8733,0
8734,1
8735,0
8736,0
8737,0
8738,0
8739,0
8740,1
8741,1
8742,0
8743,1
8744,1
8745,1
8746,1
8747,0
8748,0
8749,1
8750,0
8751,1
8752,0
8753,0
8754,1
8755,0
8756,0
8757,1
8758,1
8759,0
8760,0
8761,1
8762,0
8763,0
8764,1
8765,1
8766,0
8767,1
8768,0
8769,1
8770,0
8771,1
8772,1
8773,0
8774,1
8775,1
8776,0
8777,0
8778,1
8779,0
8780,0
8781,0
8782,1
8783,0
8784,1
8785,0
8786,1
8787,0
8788,1
8789,0
8790,0
8791,0
8792,0
8793,0
8794,0
8795,0
8796,1
8797,0
8798,1
8799,0
8800,1
8801,1
8802,0
8803,1
8804,1
8805,1
8806,0
8807,1
8808,1
8809,1
8810,0
8811,0
8812,1
8813,1
8814,1
8815,1
8816,0
8817,0
8818,0
8819,0
8820,1
8821,0
8822,1
8823,1
8824,1
8825,0
8826,1
8827,0
8828,0
8829,0
8830,0
8831,0
8832,0
8833,1
8834,0
8835,0
8836,0
8837,0
8838,0
8839,1
8840,1
8841,0
8842,0
8843,0
8844,0
8845,0
8846,0
8847,1
8848,0
8849,0
8850,1
8851,0
8852,0
8853,1
8854,0
8855,0
8856,0
8857,0
8858,1
8859,1
8860,1
8861,1
8862,0
8863,0
8864,0
8865,1
8866,0
8867,0
8868,0
8869,1
8870,1
8871,0
8872,0
8873,1
8874,0
8875,0
8876,1
8877,0
8878,0
8879,0
8880,1
8881,0
8882,0
8883,1
8884,1
8885,0
8886,0
8887,0
8888,1
8889,0
8890,0
8891,0
8892,1
8893,1
8894,0
8895,1
8896,0
8897,0
8898,1
8899,0
8900,1
8901,1
8902,0
8903,1
8904,0
8905,0
8906,0
8907,0
8908,1
8909,0
8910,1
8911,0
8912,1
8913,0
8914,1
8915,1
8916,1
8917,1
8918,0
8919,0
8920,1
8921,1
8922,1
8923,0
8924,1
8925,1
8926,1
8927,1
8928,1
8929,0
8930,1
8931,0
8932,1
8933,0
8934,1
8935,0
8936,1
8937,0
8938,1
8939,1
8940,0
8941,1
8942,1
8943,0
8944,1
8945,1
8946,1
8947,0
8948,0
8949,1
8950,1
8951,0
8952,0
8953,1
8954,0
8955,1
8956,0
8957,1
8958,0
8959,0
8960,0
8961,1
8962,0
8963,1
8964,1
8965,0
8966,0
8967,0
8968,1
8969,0
8970,1
8971,0
8972,1
8973,1
8974,0
8975,0
8976,0
8977,1
8978,1
8979,1
8980,0
8981,0
8982,0
8983,0
8984,1
8985,1
8986,1
8987,1
8988,0
8989,1
8990,1
8991,1
8992,1
8993,1
8994,1
8995,0
8996,1
8997,0
8998,1
8999,0
9000,1
9001,0
9002,0
9003,1
9004,0
9005,0
9006,0
9007,0
9008,1
9009,1
9010,1
9011,0
9012,0
9013,1
9014,0
9015,1
9016,1
9017,1
9018,0
9019,0
9020,0
9021,0
9022,0
9023,1
9024,0
9025,0
9026,1
9027,0
9028,0
9029,1
9030,1
9031,0
9032,1
9033,0
9034,0
9035,0
9036,0
9037,0
9038,1
9039,1
9040,0
9041,0
9042,0
9043,0
9044,0
9045,0
9046,0
9047,1
9048,0
9049,0
9050,0
9051,0
9052,1
9053,1
9054,0
9055,1
9056,1
9057,1
9058,0
9059,0
9060,0
9061,0
9062,0
9063,1
9064,1
9065,1
9066,1
9067,0
9068,1
9069,0
9070,0
9071,1
9072,0
9073,0
9074,0
9075,1
9076,1
9077,1
9078,0
9079,0
9080,0
9081,1
9082,1
9083,0
9084,0
9085,0
9086,1
9087,1
9088,1
9089,0
9090,1
9091,0
9092,0
9093,0
9094,1
9095,0
9096,0
9097,0
9098,1
9099,1
9100,0
9101,1
9102,0
9103,0
9104,1
9105,1
9106,1
9107,0
9108,1
9109,0
9110,1
9111,0
9112,1
9113,1
9114,0
9115,1
9116,0
9117,1
9118,1
9119,0
9120,1
9121,0
9122,1
9123,1
9124,0
9125,1
9126,1
9127,1
9128,0
9129,0
9130,0
9131,1
9132,1
9133,1
9134,0
9135,0
9136,0
9137,0
9138,1
9139,0
9140,0
9141,1
9142,1
9143,0
9144,0
9145,1
9146,0
9147,1
9148,0
9149,0
9150,0
9151,0
9152,0
9153,1
9154,0
9155,0
9156,0
9157,0
9158,1
9159,1
9160,1
9161,0
9162,0
9163,1
9164,0
9165,1
9166,1
9167,1
9168,0
9169,0
9170,0
9171,0
9172,1
9173,0
9174,0
9175,1
9176,1
9177,0
9178,0
9179,0
9180,1
9181,0
9182,0
9183,1
9184,0
9185,0
9186,0
9187,0
9188,0
9189,0
9190,0
9191,1
9192,0
9193,1
9194,1
9195,1
9196,0
9197,1
9198,0
9199,0
9200,0
9201,1
9202,0
9203,0
9204,0
9205,1
9206,1
9207,0
9208,1
9209,1
9210,1
9211,0
9212,0
9213,1
9214,0
9215,1
9216,1
9217,0
9218,1
9219,0
9220,1
9221,0
9222,0
9223,1
9224,0
9225,1
9226,1
9227,1
9228,1
9229,0
9230,1
9231,1
9232,0
9233,1
9234,1
9235,1
9236,0
9237,0
9238,0
9239,1
9240,0
9241,1
9242,0
9243,0
9244,1
9245,1
9246,0
9247,0
9248,1
9249,1
9250,1
9251,1
9252,0
9253,1
9254,0
9255,0
9256,1
9257,0
9258,0
9259,1
9260,0
9261,1
9262,1
9263,1
9264,1
9265,1
9266,1
9267,1
9268,0
9269,1
9270,0
9271,0
9272,1
9273,1
9274,1
9275,1
9276,0
9277,0
9278,0
9279,0
9280,0
9281,0
9282,0
9283,1
9284,0
9285,0
9286,0
9287,1
9288,1
9289,0
9290,0
9291,0
9292,0
9293,1
9294,0
9295,1
9296,0
9297,1
9298,1
9299,0
9300,1
9301,0
9302,0
9303,1
9304,0
9305,1
9306,1
9307,0
9308,1
9309,1
9310,0
9311,0
9312,1
9313,1
9314,1
9315,1
9316,1
9317,1
9318,1
9319,0
9320,0
9321,0
9322,1
9323,0
9324,0
9325,1
9326,1
9327,0
9328,1
9329,0
9330,0
9331,1
9332,1
9333,1
9334,0
9335,1
9336,1
9337,1
9338,1
9339,1
9340,1
9341,1
9342,0
9343,0
9344,0
9345,0
9346,0
9347,0
9348,1
9349,0
9350,0
9351,0
9352,0
9353,0
9354,1
9355,0
9356,0
9357,1
9358,0
9359,1
9360,1
9361,1
9362,0
9363,0
9364,1
9365,1
9366,1
9367,1
9368,1
9369,0
9370,1
9371,0
9372,1
9373,0
9374,0
9375,1
9376,0
9377,1
9378,1
9379,0
9380,0
9381,1
9382,0
9383,0
9384,1
9385,1
9386,0
9387,0
9388,0
9389,0
9390,0
9391,1
9392,1
9393,1
9394,1
9395,1
9396,1
9397,0
9398,1
9399,1
9400,1
9401,0
9402,1
9403,0
9404,1
9405,1
9406,1
9407,0
9408,0
9409,0
9410,0
9411,0
9412,0
9413,0
9414,1
9415,1
9416,0
9417,0
9418,0
9419,1
9420,1
9421,1
9422,0
9423,0
9424,0
9425,0
9426,1
9427,0
9428,0
9429,0
9430,1
9431,1
9432,1
9433,0
9434,1
9435,0
9436,0
9437,0
9438,0
9439,1
9440,0
9441,1
9442,1
9443,1
9444,1
9445,1
9446,1
9447,0
9448,1
9449,0
9450,0
9451,0
9452,0
9453,0
9454,1
9455,0
9456,0
9457,1
9458,0
9459,1
9460,0
9461,0
9462,1
9463,1
9464,1
9465,0
9466,1
9467,0
9468,1
9469,1
9470,1
9471,1
9472,0
9473,1
9474,1
9475,1
9476,0
9477,1
9478,1
9479,0
9480,0
9481,1
9482,1
9483,0
9484,0
9485,0
9486,0
9487,1
9488,0
9489,0
9490,1
9491,1
9492,1
9493,0
9494,0
9495,0
9496,1
9497,1
9498,0
9499,1
9500,1
9501,0
9502,0
9503,0
9504,0
9505,1
9506,0
9507,1
9508,0
9509,1
9510,0
9511,0
9512,0
9513,1
9514,0
9515,1
9516,1
9517,0
9518,1
9519,0
9520,1
9521,1
9522,0
9523,1
9524,0
9525,0
9526,1
9527,0
9528,1
9529,0
9530,1
9531,1
9532,0
9533,1
9534,0
9535,1
9536,0
9537,1
9538,0
9539,1
9540,1
9541,1
9542,0
9543,1
9544,1
9545,1
9546,0
9547,1
9548,0
9549,1
9550,1
9551,1
9552,1
9553,0
9554,1
9555,1
9556,1
9557,1
9558,0
9559,0
9560,1
9561,0
9562,0
9563,0
9564,1
9565,1
9566,1
9567,0
9568,0
9569,1
9570,0
9571,0
9572,1
9573,1
9574,1
9575,0
9576,1
9577,0
9578,0
9579,0
9580,1
9581,0
9582,0
9583,1
9584,1
9585,1
9586,1
9587,1
9588,0
9589,1
9590,1
9591,1
9592,1
9593,1
9594,0
9595,0
9596,1
9597,1
9598,0
9599,1
9600,0
9601,1
9602,0
9603,0
9604,0
9605,1
9606,0
9607,1
9608,0
9609,0
9610,1
9611,1
9612,1
9613,0
9614,1
9615,1
9616,0
9617,1
9618,0
9619,0
9620,0
9621,1
9622,1
9623,1
9624,1
9625,1
9626,1
9627,0
9628,1
9629,0
9630,1
9631,0
9632,0
9633,1
9634,1
9635,1
9636,0
9637,0
9638,1
9639,0
9640,1
9641,1
9642,0
9643,1
9644,0
9645,0
9646,0
9647,0
9648,1
9649,0
9650,0
9651,0
9652,1
9653,0
9654,0
9655,0
9656,1
9657,1
9658,1
9659,0
9660,0
9661,0
9662,0
9663,1
9664,1
9665,0
9666,1
9667,0
9668,1
9669,0
9670,1
9671,1
9672,0
9673,0
9674,0
9675,0
9676,0
9677,0
9678,0
9679,1
9680,0
9681,0
9682,1
9683,1
9684,0
9685,0
9686,1
9687,1
9688,0
9689,1
9690,1
9691,0
9692,0
9693,0
9694,0
9695,0
9696,0
9697,1
9698,1
9699,1
9700,0
9701,1
9702,0
9703,0
9704,1
9705,0
9706,1
9707,1
9708,0
9709,1
9710,0
9711,1
9712,0
9713,1
9714,1
9715,1
9716,1
9717,0
9718,0
9719,1
9720,0
9721,1
9722,0
9723,0
9724,0
9725,0
9726,1
9727,0
9728,0
9729,1
9730,0
9731,0
9732,1
9733,0
9734,0
9735,1
9736,1
9737,1
9738,1
9739,0
9740,1
9741,0
9742,1
9743,0
9744,1
9745,0
9746,0
9747,1
9748,0
9749,0
9750,0
9751,0
9752,0
9753,0
9754,1
9755,0
9756,1
9757,1
9758,1
9759,0
9760,1
9761,1
9762,1
9763,0
9764,1
9765,0
9766,0
9767,0
9768,1
9769,1
9770,0
9771,1
9772,1
9773,1
9774,0
9775,1
9776,1
9777,1
9778,0
9779,0
9780,1
9781,1
9782,1
9783,0
9784,1
9785,1
9786,0
9787,1
9788,0
9789,1
9790,0
9791,0
9792,1
9793,1
9794,1
9795,0
9796,0
9797,0
9798,0
9799,0
9800,0
9801,0
9802,0
9803,0
9804,0
9805,0
9806,0
9807,1
9808,0
9809,0
9810,1
9811,1
9812,0
9813,0
9814,1
9815,0
9816,1
9817,1
9818,0
9819,0
9820,0
9821,0
9822,0
9823,0
9824,0
9825,0
9826,1
9827,0
9828,1
9829,1
9830,1
9831,0
9832,1
9833,1
9834,0
9835,1
9836,1
9837,1
9838,0
9839,1
9840,1
9841,1
9842,1
9843,1
9844,0
9845,1
9846,1
9847,0
9848,0
9849,0
9850,1
9851,0
9852,0
9853,0
9854,0
9855,1
9856,0
9857,1
9858,1
9859,1
9860,0
9861,0
9862,1
9863,1
9864,0
9865,1
9866,1
9867,1
9868,0
9869,1
9870,0
9871,0
9872,1
9873,0
9874,0
9875,1
9876,1
9877,0
9878,1
9879,0
9880,0
9881,0
9882,0
9883,1
9884,0
9885,0
9886,1
9887,1
9888,1
9889,0
9890,0
9891,1
9892,0
9893,0
9894,1
9895,0
9896,1
9897,1
9898,1
9899,1
9900,1
9901,0
9902,0
9903,0
9904,1
9905,1
9906,0
9907,0
9908,1
9909,0
9910,0
9911,0
9912,1
9913,0
9914,0
9915,0
9916,1
9917,1
9918,0
9919,1
9920,1
9921,0
9922,0
9923,1
9924,0
9925,0
9926,1
9927,0
9928,1
9929,0
9930,1
9931,1
9932,0
9933,0
9934,1
9935,0
9936,0
9937,1
9938,0
9939,0
9940,1
9941,1
9942,1
9943,1
9944,0
9945,0
9946,1
9947,1
9948,1
9949,0
9950,1
9951,1
9952,0
9953,0
9954,1
9955,1
9956,1
9957,0
9958,0
9959,0
9960,1
9961,0
9962,0
9963,0
9964,0
9965,1
9966,1
9967,1
9968,0
9969,0
9970,1
9971,1
9972,1
9973,0
9974,1
9975,0
9976,1
9977,0
9978,0
9979,1
9980,1
9981,0
9982,1
9983,0
9984,0
9985,1
9986,1
9987,1
9988,1
9989,0
9990,0
9991,1
9992,0
9993,0
9994,1
9995,1
9996,1
9997,0
9998,1
9999,1
10000,1
